tahun,bulan,minggu,kategori,jumlah_order,kategori_encoded
2016,9,37,health_beauty,3,43
2016,10,40,air_conditioning,8,1
2016,10,40,audio,1,4
2016,10,40,auto,7,5
2016,10,40,baby,11,6
2016,10,40,bed_bath_table,8,7
2016,10,40,computers_accessories,11,15
2016,10,40,consoles_games,5,16
2016,10,40,cool_stuff,7,20
2016,10,40,diapers_and_hygiene,1,23
2016,10,40,electronics,1,26
2016,10,40,fashio_female_clothing,1,27
2016,10,40,fashion_bags_accessories,6,28
2016,10,40,fashion_male_clothing,1,30
2016,10,40,fashion_shoes,1,31
2016,10,40,fixed_telephony,4,34
2016,10,40,furniture_decor,56,39
2016,10,40,garden_tools,5,42
2016,10,40,health_beauty,34,43
2016,10,40,housewares,11,49
2016,10,40,industry_commerce_and_business,4,50
2016,10,40,market_place,9,54
2016,10,40,office_furniture,5,57
2016,10,40,perfumery,28,59
2016,10,40,pet_shop,3,60
2016,10,40,sports_leisure,14,65
2016,10,40,telephony,6,68
2016,10,40,toys,22,69
2016,10,40,watches_gifts,4,70
2016,10,41,audio,1,4
2016,10,41,auto,1,5
2016,10,41,computers_accessories,1,15
2016,10,41,consoles_games,2,16
2016,10,41,fashion_bags_accessories,2,28
2016,10,41,fixed_telephony,1,34
2016,10,41,food,1,36
2016,10,41,furniture_decor,9,39
2016,10,41,health_beauty,6,43
2016,10,41,housewares,1,49
2016,10,41,market_place,2,54
2016,10,41,office_furniture,1,57
2016,10,41,perfumery,1,59
2016,10,41,pet_shop,1,60
2016,10,41,sports_leisure,3,65
2016,10,41,telephony,2,68
2016,10,41,toys,2,69
2016,12,51,fashion_bags_accessories,1,28
2017,1,1,auto,2,5
2017,1,1,baby,2,6
2017,1,1,bed_bath_table,1,7
2017,1,1,consoles_games,1,16
2017,1,1,cool_stuff,2,20
2017,1,1,fashion_bags_accessories,10,28
2017,1,1,fixed_telephony,2,34
2017,1,1,furniture_bedroom,8,38
2017,1,1,furniture_decor,1,39
2017,1,1,garden_tools,2,42
2017,1,1,health_beauty,2,43
2017,1,1,music,2,55
2017,1,1,pet_shop,5,60
2017,1,1,stationery,1,66
2017,1,1,toys,3,69
2017,1,1,watches_gifts,1,70
2017,1,2,baby,2,6
2017,1,2,bed_bath_table,4,7
2017,1,2,computers_accessories,4,15
2017,1,2,consoles_games,1,16
2017,1,2,cool_stuff,3,20
2017,1,2,fashion_bags_accessories,2,28
2017,1,2,fixed_telephony,4,34
2017,1,2,furniture_decor,31,39
2017,1,2,garden_tools,9,42
2017,1,2,health_beauty,3,43
2017,1,2,housewares,2,49
2017,1,2,pet_shop,1,60
2017,1,2,small_appliances,2,63
2017,1,2,sports_leisure,7,65
2017,1,2,telephony,3,68
2017,1,2,toys,2,69
2017,1,2,watches_gifts,3,70
2017,1,3,auto,11,5
2017,1,3,baby,12,6
2017,1,3,bed_bath_table,11,7
2017,1,3,computers_accessories,5,15
2017,1,3,consoles_games,6,16
2017,1,3,cool_stuff,6,20
2017,1,3,electronics,10,26
2017,1,3,fashion_bags_accessories,5,28
2017,1,3,fashion_male_clothing,1,30
2017,1,3,fashion_shoes,1,31
2017,1,3,fashion_underwear_beach,1,33
2017,1,3,fixed_telephony,10,34
2017,1,3,furniture_decor,68,39
2017,1,3,garden_tools,7,42
2017,1,3,health_beauty,18,43
2017,1,3,home_appliances_2,1,45
2017,1,3,housewares,4,49
2017,1,3,market_place,2,54
2017,1,3,perfumery,3,59
2017,1,3,pet_shop,3,60
2017,1,3,small_appliances,1,63
2017,1,3,sports_leisure,20,65
2017,1,3,stationery,10,66
2017,1,3,telephony,2,68
2017,1,3,toys,11,69
2017,1,3,watches_gifts,2,70
2017,1,4,agro_industry_and_commerce,2,0
2017,1,4,air_conditioning,4,1
2017,1,4,auto,12,5
2017,1,4,baby,16,6
2017,1,4,bed_bath_table,17,7
2017,1,4,books_general_interest,1,8
2017,1,4,computers_accessories,17,15
2017,1,4,consoles_games,10,16
2017,1,4,cool_stuff,21,20
2017,1,4,electronics,1,26
2017,1,4,fashio_female_clothing,2,27
2017,1,4,fashion_bags_accessories,17,28
2017,1,4,fixed_telephony,5,34
2017,1,4,food,2,36
2017,1,4,furniture_decor,56,39
2017,1,4,furniture_living_room,4,40
2017,1,4,garden_tools,19,42
2017,1,4,health_beauty,44,43
2017,1,4,home_appliances_2,2,45
2017,1,4,home_comfort_2,2,46
2017,1,4,housewares,19,49
2017,1,4,kitchen_dining_laundry_garden_furniture,1,51
2017,1,4,luggage_accessories,3,53
2017,1,4,market_place,1,54
2017,1,4,musical_instruments,1,56
2017,1,4,office_furniture,4,57
2017,1,4,perfumery,26,59
2017,1,4,pet_shop,5,60
2017,1,4,security_and_services,1,61
2017,1,4,small_appliances,1,63
2017,1,4,sports_leisure,39,65
2017,1,4,stationery,3,66
2017,1,4,telephony,9,68
2017,1,4,toys,22,69
2017,1,4,watches_gifts,3,70
2017,1,5,agro_industry_and_commerce,1,0
2017,1,5,auto,6,5
2017,1,5,baby,8,6
2017,1,5,bed_bath_table,13,7
2017,1,5,books_general_interest,1,8
2017,1,5,computers,1,14
2017,1,5,computers_accessories,5,15
2017,1,5,consoles_games,3,16
2017,1,5,cool_stuff,5,20
2017,1,5,dvds_blu_ray,2,25
2017,1,5,fashion_bags_accessories,1,28
2017,1,5,fashion_underwear_beach,1,33
2017,1,5,fixed_telephony,1,34
2017,1,5,furniture_decor,21,39
2017,1,5,furniture_living_room,6,40
2017,1,5,garden_tools,17,42
2017,1,5,health_beauty,15,43
2017,1,5,home_appliances_2,4,45
2017,1,5,housewares,3,49
2017,1,5,luggage_accessories,2,53
2017,1,5,market_place,2,54
2017,1,5,office_furniture,4,57
2017,1,5,perfumery,5,59
2017,1,5,small_appliances,2,63
2017,1,5,sports_leisure,8,65
2017,1,5,telephony,8,68
2017,1,5,toys,3,69
2017,1,5,watches_gifts,2,70
2017,2,5,agro_industry_and_commerce,1,0
2017,2,5,audio,1,4
2017,2,5,auto,10,5
2017,2,5,baby,4,6
2017,2,5,bed_bath_table,20,7
2017,2,5,books_general_interest,1,8
2017,2,5,computers_accessories,13,15
2017,2,5,consoles_games,6,16
2017,2,5,construction_tools_construction,1,17
2017,2,5,cool_stuff,17,20
2017,2,5,fashion_bags_accessories,9,28
2017,2,5,fashion_male_clothing,1,30
2017,2,5,fashion_underwear_beach,3,33
2017,2,5,fixed_telephony,3,34
2017,2,5,food,1,36
2017,2,5,furniture_decor,48,39
2017,2,5,furniture_living_room,5,40
2017,2,5,garden_tools,11,42
2017,2,5,health_beauty,47,43
2017,2,5,home_appliances_2,1,45
2017,2,5,home_confort,1,47
2017,2,5,housewares,2,49
2017,2,5,luggage_accessories,7,53
2017,2,5,market_place,1,54
2017,2,5,musical_instruments,2,56
2017,2,5,office_furniture,18,57
2017,2,5,perfumery,17,59
2017,2,5,pet_shop,8,60
2017,2,5,small_appliances,5,63
2017,2,5,sports_leisure,27,65
2017,2,5,stationery,5,66
2017,2,5,tablets_printing_image,2,67
2017,2,5,telephony,18,68
2017,2,5,toys,12,69
2017,2,5,watches_gifts,8,70
2017,2,6,agro_industry_and_commerce,2,0
2017,2,6,air_conditioning,1,1
2017,2,6,auto,33,5
2017,2,6,baby,10,6
2017,2,6,bed_bath_table,45,7
2017,2,6,books_general_interest,3,8
2017,2,6,computers_accessories,26,15
2017,2,6,consoles_games,3,16
2017,2,6,construction_tools_construction,1,17
2017,2,6,cool_stuff,18,20
2017,2,6,costruction_tools_garden,2,21
2017,2,6,dvds_blu_ray,1,25
2017,2,6,electronics,6,26
2017,2,6,fashio_female_clothing,1,27
2017,2,6,fashion_bags_accessories,14,28
2017,2,6,fashion_male_clothing,2,30
2017,2,6,fashion_shoes,1,31
2017,2,6,fashion_underwear_beach,4,33
2017,2,6,fixed_telephony,3,34
2017,2,6,food,2,36
2017,2,6,furniture_decor,58,39
2017,2,6,furniture_living_room,4,40
2017,2,6,garden_tools,12,42
2017,2,6,health_beauty,45,43
2017,2,6,home_appliances,1,44
2017,2,6,home_construction,1,48
2017,2,6,housewares,26,49
2017,2,6,luggage_accessories,8,53
2017,2,6,market_place,6,54
2017,2,6,musical_instruments,3,56
2017,2,6,office_furniture,29,57
2017,2,6,perfumery,14,59
2017,2,6,pet_shop,10,60
2017,2,6,small_appliances,13,63
2017,2,6,sports_leisure,58,65
2017,2,6,stationery,11,66
2017,2,6,tablets_printing_image,2,67
2017,2,6,telephony,32,68
2017,2,6,toys,21,69
2017,2,6,watches_gifts,7,70
2017,2,7,agro_industry_and_commerce,3,0
2017,2,7,air_conditioning,8,1
2017,2,7,audio,2,4
2017,2,7,auto,21,5
2017,2,7,baby,11,6
2017,2,7,bed_bath_table,47,7
2017,2,7,books_general_interest,1,8
2017,2,7,books_technical,1,10
2017,2,7,cine_photo,1,13
2017,2,7,computers_accessories,29,15
2017,2,7,consoles_games,2,16
2017,2,7,construction_tools_construction,1,17
2017,2,7,construction_tools_safety,1,19
2017,2,7,cool_stuff,17,20
2017,2,7,electronics,4,26
2017,2,7,fashio_female_clothing,1,27
2017,2,7,fashion_bags_accessories,8,28
2017,2,7,fashion_male_clothing,2,30
2017,2,7,fashion_shoes,2,31
2017,2,7,fashion_underwear_beach,1,33
2017,2,7,fixed_telephony,6,34
2017,2,7,food,3,36
2017,2,7,furniture_bedroom,1,38
2017,2,7,furniture_decor,63,39
2017,2,7,garden_tools,25,42
2017,2,7,health_beauty,24,43
2017,2,7,home_appliances,6,44
2017,2,7,home_confort,1,47
2017,2,7,home_construction,2,48
2017,2,7,housewares,18,49
2017,2,7,kitchen_dining_laundry_garden_furniture,1,51
2017,2,7,luggage_accessories,2,53
2017,2,7,market_place,5,54
2017,2,7,musical_instruments,2,56
2017,2,7,office_furniture,12,57
2017,2,7,perfumery,8,59
2017,2,7,pet_shop,8,60
2017,2,7,small_appliances,5,63
2017,2,7,sports_leisure,23,65
2017,2,7,stationery,2,66
2017,2,7,telephony,27,68
2017,2,7,toys,17,69
2017,2,7,watches_gifts,3,70
2017,2,8,agro_industry_and_commerce,1,0
2017,2,8,air_conditioning,2,1
2017,2,8,audio,1,4
2017,2,8,auto,18,5
2017,2,8,baby,5,6
2017,2,8,bed_bath_table,33,7
2017,2,8,books_general_interest,3,8
2017,2,8,computers,1,14
2017,2,8,computers_accessories,29,15
2017,2,8,consoles_games,7,16
2017,2,8,cool_stuff,12,20
2017,2,8,electronics,3,26
2017,2,8,fashio_female_clothing,1,27
2017,2,8,fashion_bags_accessories,4,28
2017,2,8,fashion_male_clothing,1,30
2017,2,8,fixed_telephony,4,34
2017,2,8,food,2,36
2017,2,8,furniture_decor,68,39
2017,2,8,furniture_living_room,11,40
2017,2,8,garden_tools,17,42
2017,2,8,health_beauty,36,43
2017,2,8,home_construction,1,48
2017,2,8,housewares,18,49
2017,2,8,industry_commerce_and_business,1,50
2017,2,8,luggage_accessories,3,53
2017,2,8,market_place,6,54
2017,2,8,musical_instruments,1,56
2017,2,8,perfumery,7,59
2017,2,8,pet_shop,7,60
2017,2,8,small_appliances,3,63
2017,2,8,sports_leisure,29,65
2017,2,8,stationery,1,66
2017,2,8,tablets_printing_image,4,67
2017,2,8,telephony,26,68
2017,2,8,toys,12,69
2017,2,8,watches_gifts,8,70
2017,2,9,audio,1,4
2017,2,9,auto,1,5
2017,2,9,baby,2,6
2017,2,9,bed_bath_table,12,7
2017,2,9,computers_accessories,3,15
2017,2,9,cool_stuff,5,20
2017,2,9,electronics,6,26
2017,2,9,fashion_bags_accessories,1,28
2017,2,9,fixed_telephony,6,34
2017,2,9,furniture_decor,20,39
2017,2,9,furniture_living_room,1,40
2017,2,9,garden_tools,4,42
2017,2,9,health_beauty,2,43
2017,2,9,home_confort,1,47
2017,2,9,housewares,5,49
2017,2,9,kitchen_dining_laundry_garden_furniture,1,51
2017,2,9,market_place,2,54
2017,2,9,musical_instruments,1,56
2017,2,9,office_furniture,3,57
2017,2,9,perfumery,3,59
2017,2,9,pet_shop,6,60
2017,2,9,small_appliances,2,63
2017,2,9,sports_leisure,12,65
2017,2,9,telephony,3,68
2017,2,9,toys,4,69
2017,2,9,watches_gifts,7,70
2017,3,9,air_conditioning,2,1
2017,3,9,art,1,2
2017,3,9,auto,9,5
2017,3,9,baby,7,6
2017,3,9,bed_bath_table,42,7
2017,3,9,books_general_interest,5,8
2017,3,9,computers_accessories,20,15
2017,3,9,consoles_games,10,16
2017,3,9,construction_tools_construction,1,17
2017,3,9,cool_stuff,18,20
2017,3,9,drinks,1,24
2017,3,9,electronics,5,26
2017,3,9,fashion_bags_accessories,7,28
2017,3,9,fashion_male_clothing,1,30
2017,3,9,fashion_shoes,2,31
2017,3,9,fashion_sport,1,32
2017,3,9,fixed_telephony,6,34
2017,3,9,food,1,36
2017,3,9,furniture_decor,83,39
2017,3,9,garden_tools,13,42
2017,3,9,health_beauty,28,43
2017,3,9,home_appliances,3,44
2017,3,9,home_appliances_2,1,45
2017,3,9,housewares,24,49
2017,3,9,industry_commerce_and_business,2,50
2017,3,9,luggage_accessories,4,53
2017,3,9,market_place,5,54
2017,3,9,musical_instruments,2,56
2017,3,9,office_furniture,1,57
2017,3,9,perfumery,9,59
2017,3,9,pet_shop,4,60
2017,3,9,small_appliances,6,63
2017,3,9,sports_leisure,32,65
2017,3,9,stationery,6,66
2017,3,9,tablets_printing_image,1,67
2017,3,9,telephony,18,68
2017,3,9,toys,19,69
2017,3,9,watches_gifts,9,70
2017,3,10,air_conditioning,5,1
2017,3,10,audio,8,4
2017,3,10,auto,20,5
2017,3,10,baby,11,6
2017,3,10,bed_bath_table,65,7
2017,3,10,books_general_interest,6,8
2017,3,10,books_technical,1,10
2017,3,10,computers_accessories,50,15
2017,3,10,consoles_games,8,16
2017,3,10,cool_stuff,27,20
2017,3,10,dvds_blu_ray,2,25
2017,3,10,electronics,6,26
2017,3,10,fashion_bags_accessories,12,28
2017,3,10,fashion_male_clothing,1,30
2017,3,10,fashion_shoes,3,31
2017,3,10,fashion_underwear_beach,2,33
2017,3,10,fixed_telephony,4,34
2017,3,10,food,5,36
2017,3,10,food_drink,1,37
2017,3,10,furniture_decor,69,39
2017,3,10,furniture_living_room,4,40
2017,3,10,garden_tools,29,42
2017,3,10,health_beauty,42,43
2017,3,10,home_appliances,1,44
2017,3,10,home_confort,3,47
2017,3,10,home_construction,6,48
2017,3,10,housewares,43,49
2017,3,10,kitchen_dining_laundry_garden_furniture,1,51
2017,3,10,luggage_accessories,9,53
2017,3,10,market_place,7,54
2017,3,10,music,1,55
2017,3,10,musical_instruments,2,56
2017,3,10,office_furniture,19,57
2017,3,10,perfumery,19,59
2017,3,10,pet_shop,2,60
2017,3,10,small_appliances,5,63
2017,3,10,sports_leisure,36,65
2017,3,10,stationery,15,66
2017,3,10,telephony,30,68
2017,3,10,toys,23,69
2017,3,10,watches_gifts,16,70
2017,3,11,agro_industry_and_commerce,1,0
2017,3,11,air_conditioning,5,1
2017,3,11,art,1,2
2017,3,11,audio,2,4
2017,3,11,auto,13,5
2017,3,11,baby,10,6
2017,3,11,bed_bath_table,57,7
2017,3,11,books_general_interest,8,8
2017,3,11,books_technical,1,10
2017,3,11,computers_accessories,28,15
2017,3,11,consoles_games,13,16
2017,3,11,cool_stuff,29,20
2017,3,11,drinks,2,24
2017,3,11,electronics,8,26
2017,3,11,fashio_female_clothing,1,27
2017,3,11,fashion_bags_accessories,16,28
2017,3,11,fashion_male_clothing,1,30
2017,3,11,fashion_shoes,2,31
2017,3,11,fashion_underwear_beach,3,33
2017,3,11,fixed_telephony,1,34
2017,3,11,food,8,36
2017,3,11,food_drink,2,37
2017,3,11,furniture_decor,69,39
2017,3,11,furniture_living_room,5,40
2017,3,11,garden_tools,50,42
2017,3,11,health_beauty,50,43
2017,3,11,home_appliances,4,44
2017,3,11,home_appliances_2,1,45
2017,3,11,home_comfort_2,1,46
2017,3,11,home_confort,1,47
2017,3,11,home_construction,2,48
2017,3,11,housewares,47,49
2017,3,11,luggage_accessories,8,53
2017,3,11,market_place,2,54
2017,3,11,musical_instruments,2,56
2017,3,11,office_furniture,30,57
2017,3,11,perfumery,33,59
2017,3,11,pet_shop,15,60
2017,3,11,small_appliances,8,63
2017,3,11,sports_leisure,37,65
2017,3,11,stationery,11,66
2017,3,11,tablets_printing_image,1,67
2017,3,11,telephony,22,68
2017,3,11,toys,23,69
2017,3,11,watches_gifts,29,70
2017,3,12,agro_industry_and_commerce,1,0
2017,3,12,air_conditioning,3,1
2017,3,12,art,2,2
2017,3,12,audio,1,4
2017,3,12,auto,19,5
2017,3,12,baby,8,6
2017,3,12,bed_bath_table,72,7
2017,3,12,books_general_interest,2,8
2017,3,12,computers_accessories,39,15
2017,3,12,consoles_games,9,16
2017,3,12,cool_stuff,28,20
2017,3,12,drinks,2,24
2017,3,12,dvds_blu_ray,1,25
2017,3,12,electronics,9,26
2017,3,12,fashion_bags_accessories,17,28
2017,3,12,fashion_male_clothing,5,30
2017,3,12,fashion_shoes,5,31
2017,3,12,fixed_telephony,3,34
2017,3,12,food,2,36
2017,3,12,food_drink,1,37
2017,3,12,furniture_decor,61,39
2017,3,12,furniture_living_room,10,40
2017,3,12,garden_tools,37,42
2017,3,12,health_beauty,56,43
2017,3,12,home_appliances,2,44
2017,3,12,home_confort,4,47
2017,3,12,home_construction,2,48
2017,3,12,housewares,56,49
2017,3,12,kitchen_dining_laundry_garden_furniture,2,51
2017,3,12,luggage_accessories,8,53
2017,3,12,market_place,2,54
2017,3,12,musical_instruments,1,56
2017,3,12,office_furniture,15,57
2017,3,12,perfumery,30,59
2017,3,12,pet_shop,17,60
2017,3,12,small_appliances,7,63
2017,3,12,sports_leisure,53,65
2017,3,12,stationery,8,66
2017,3,12,tablets_printing_image,1,67
2017,3,12,telephony,56,68
2017,3,12,toys,20,69
2017,3,12,watches_gifts,15,70
2017,3,13,air_conditioning,2,1
2017,3,13,audio,3,4
2017,3,13,auto,17,5
2017,3,13,baby,6,6
2017,3,13,bed_bath_table,43,7
2017,3,13,books_general_interest,3,8
2017,3,13,computers_accessories,34,15
2017,3,13,consoles_games,7,16
2017,3,13,cool_stuff,16,20
2017,3,13,dvds_blu_ray,1,25
2017,3,13,electronics,9,26
2017,3,13,fashion_bags_accessories,14,28
2017,3,13,fashion_male_clothing,1,30
2017,3,13,fashion_shoes,2,31
2017,3,13,fashion_underwear_beach,1,33
2017,3,13,fixed_telephony,6,34
2017,3,13,food,5,36
2017,3,13,furniture_decor,33,39
2017,3,13,furniture_living_room,5,40
2017,3,13,garden_tools,17,42
2017,3,13,health_beauty,32,43
2017,3,13,home_comfort_2,2,46
2017,3,13,home_confort,5,47
2017,3,13,housewares,26,49
2017,3,13,luggage_accessories,9,53
2017,3,13,market_place,1,54
2017,3,13,musical_instruments,3,56
2017,3,13,office_furniture,9,57
2017,3,13,perfumery,14,59
2017,3,13,pet_shop,6,60
2017,3,13,signaling_and_security,1,62
2017,3,13,small_appliances,5,63
2017,3,13,sports_leisure,32,65
2017,3,13,stationery,16,66
2017,3,13,tablets_printing_image,2,67
2017,3,13,telephony,39,68
2017,3,13,toys,17,69
2017,3,13,watches_gifts,10,70
2017,4,13,air_conditioning,2,1
2017,4,13,auto,7,5
2017,4,13,baby,1,6
2017,4,13,bed_bath_table,31,7
2017,4,13,computers_accessories,3,15
2017,4,13,consoles_games,1,16
2017,4,13,cool_stuff,4,20
2017,4,13,fashion_bags_accessories,2,28
2017,4,13,fashion_shoes,1,31
2017,4,13,fashion_sport,1,32
2017,4,13,food,1,36
2017,4,13,furniture_decor,9,39
2017,4,13,furniture_living_room,2,40
2017,4,13,garden_tools,4,42
2017,4,13,health_beauty,12,43
2017,4,13,home_confort,1,47
2017,4,13,housewares,3,49
2017,4,13,luggage_accessories,2,53
2017,4,13,musical_instruments,1,56
2017,4,13,office_furniture,7,57
2017,4,13,perfumery,5,59
2017,4,13,pet_shop,2,60
2017,4,13,small_appliances,2,63
2017,4,13,sports_leisure,7,65
2017,4,13,stationery,3,66
2017,4,13,tablets_printing_image,2,67
2017,4,13,telephony,7,68
2017,4,13,toys,7,69
2017,4,13,watches_gifts,7,70
2017,4,14,air_conditioning,4,1
2017,4,14,audio,2,4
2017,4,14,auto,18,5
2017,4,14,baby,9,6
2017,4,14,bed_bath_table,74,7
2017,4,14,books_general_interest,1,8
2017,4,14,books_technical,1,10
2017,4,14,cine_photo,1,13
2017,4,14,computers_accessories,21,15
2017,4,14,consoles_games,5,16
2017,4,14,cool_stuff,28,20
2017,4,14,costruction_tools_garden,1,21
2017,4,14,dvds_blu_ray,1,25
2017,4,14,electronics,13,26
2017,4,14,fashion_bags_accessories,9,28
2017,4,14,fashion_male_clothing,2,30
2017,4,14,fashion_shoes,4,31
2017,4,14,fashion_underwear_beach,2,33
2017,4,14,fixed_telephony,2,34
2017,4,14,food,4,36
2017,4,14,furniture_decor,45,39
2017,4,14,furniture_living_room,2,40
2017,4,14,garden_tools,28,42
2017,4,14,health_beauty,37,43
2017,4,14,home_appliances,2,44
2017,4,14,home_comfort_2,1,46
2017,4,14,home_confort,2,47
2017,4,14,home_construction,1,48
2017,4,14,housewares,40,49
2017,4,14,kitchen_dining_laundry_garden_furniture,4,51
2017,4,14,la_cuisine,1,52
2017,4,14,luggage_accessories,11,53
2017,4,14,market_place,6,54
2017,4,14,musical_instruments,3,56
2017,4,14,office_furniture,11,57
2017,4,14,perfumery,30,59
2017,4,14,pet_shop,9,60
2017,4,14,signaling_and_security,2,62
2017,4,14,small_appliances,5,63
2017,4,14,sports_leisure,49,65
2017,4,14,stationery,8,66
2017,4,14,tablets_printing_image,2,67
2017,4,14,telephony,36,68
2017,4,14,toys,33,69
2017,4,14,watches_gifts,27,70
2017,4,15,air_conditioning,3,1
2017,4,15,audio,2,4
2017,4,15,auto,25,5
2017,4,15,baby,6,6
2017,4,15,bed_bath_table,33,7
2017,4,15,books_general_interest,2,8
2017,4,15,computers_accessories,25,15
2017,4,15,consoles_games,2,16
2017,4,15,cool_stuff,29,20
2017,4,15,costruction_tools_garden,1,21
2017,4,15,costruction_tools_tools,1,22
2017,4,15,electronics,6,26
2017,4,15,fashio_female_clothing,1,27
2017,4,15,fashion_bags_accessories,13,28
2017,4,15,fashion_shoes,4,31
2017,4,15,fashion_sport,2,32
2017,4,15,fashion_underwear_beach,1,33
2017,4,15,fixed_telephony,1,34
2017,4,15,food,2,36
2017,4,15,food_drink,1,37
2017,4,15,furniture_bedroom,1,38
2017,4,15,furniture_decor,29,39
2017,4,15,furniture_living_room,7,40
2017,4,15,garden_tools,30,42
2017,4,15,health_beauty,35,43
2017,4,15,home_appliances,2,44
2017,4,15,home_appliances_2,1,45
2017,4,15,home_construction,1,48
2017,4,15,housewares,23,49
2017,4,15,kitchen_dining_laundry_garden_furniture,2,51
2017,4,15,luggage_accessories,10,53
2017,4,15,market_place,1,54
2017,4,15,music,1,55
2017,4,15,musical_instruments,4,56
2017,4,15,office_furniture,1,57
2017,4,15,perfumery,22,59
2017,4,15,pet_shop,9,60
2017,4,15,signaling_and_security,1,62
2017,4,15,small_appliances,1,63
2017,4,15,sports_leisure,39,65
2017,4,15,stationery,9,66
2017,4,15,tablets_printing_image,1,67
2017,4,15,telephony,22,68
2017,4,15,toys,24,69
2017,4,15,watches_gifts,12,70
2017,4,16,air_conditioning,4,1
2017,4,16,audio,2,4
2017,4,16,auto,16,5
2017,4,16,baby,17,6
2017,4,16,bed_bath_table,76,7
2017,4,16,books_general_interest,7,8
2017,4,16,books_imported,1,9
2017,4,16,computers_accessories,36,15
2017,4,16,consoles_games,6,16
2017,4,16,cool_stuff,23,20
2017,4,16,costruction_tools_garden,2,21
2017,4,16,dvds_blu_ray,1,25
2017,4,16,electronics,13,26
2017,4,16,fashion_bags_accessories,9,28
2017,4,16,fashion_male_clothing,3,30
2017,4,16,fashion_shoes,6,31
2017,4,16,fashion_sport,1,32
2017,4,16,fixed_telephony,1,34
2017,4,16,food,1,36
2017,4,16,furniture_decor,54,39
2017,4,16,furniture_living_room,1,40
2017,4,16,garden_tools,22,42
2017,4,16,health_beauty,44,43
2017,4,16,home_appliances,2,44
2017,4,16,home_appliances_2,1,45
2017,4,16,home_confort,13,47
2017,4,16,home_construction,2,48
2017,4,16,housewares,27,49
2017,4,16,kitchen_dining_laundry_garden_furniture,1,51
2017,4,16,luggage_accessories,11,53
2017,4,16,market_place,5,54
2017,4,16,musical_instruments,6,56
2017,4,16,office_furniture,13,57
2017,4,16,perfumery,27,59
2017,4,16,pet_shop,13,60
2017,4,16,small_appliances,8,63
2017,4,16,sports_leisure,45,65
2017,4,16,stationery,6,66
2017,4,16,tablets_printing_image,2,67
2017,4,16,telephony,32,68
2017,4,16,toys,22,69
2017,4,16,watches_gifts,23,70
2017,4,17,air_conditioning,2,1
2017,4,17,art,1,2
2017,4,17,audio,5,4
2017,4,17,auto,18,5
2017,4,17,baby,17,6
2017,4,17,bed_bath_table,57,7
2017,4,17,books_general_interest,2,8
2017,4,17,christmas_supplies,1,12
2017,4,17,cine_photo,1,13
2017,4,17,computers_accessories,47,15
2017,4,17,consoles_games,3,16
2017,4,17,cool_stuff,30,20
2017,4,17,costruction_tools_garden,4,21
2017,4,17,electronics,16,26
2017,4,17,fashion_bags_accessories,15,28
2017,4,17,fashion_shoes,8,31
2017,4,17,fixed_telephony,2,34
2017,4,17,food_drink,2,37
2017,4,17,furniture_bedroom,2,38
2017,4,17,furniture_decor,54,39
2017,4,17,furniture_mattress_and_upholstery,1,41
2017,4,17,garden_tools,24,42
2017,4,17,health_beauty,52,43
2017,4,17,home_appliances,4,44
2017,4,17,home_confort,1,47
2017,4,17,home_construction,1,48
2017,4,17,housewares,76,49
2017,4,17,kitchen_dining_laundry_garden_furniture,2,51
2017,4,17,luggage_accessories,14,53
2017,4,17,market_place,7,54
2017,4,17,music,1,55
2017,4,17,musical_instruments,2,56
2017,4,17,office_furniture,26,57
2017,4,17,perfumery,17,59
2017,4,17,pet_shop,18,60
2017,4,17,small_appliances,4,63
2017,4,17,sports_leisure,63,65
2017,4,17,stationery,9,66
2017,4,17,tablets_printing_image,4,67
2017,4,17,telephony,45,68
2017,4,17,toys,27,69
2017,4,17,watches_gifts,26,70
2017,5,18,agro_industry_and_commerce,1,0
2017,5,18,air_conditioning,3,1
2017,5,18,art,1,2
2017,5,18,audio,3,4
2017,5,18,auto,21,5
2017,5,18,baby,24,6
2017,5,18,bed_bath_table,66,7
2017,5,18,books_general_interest,4,8
2017,5,18,books_technical,2,10
2017,5,18,cine_photo,1,13
2017,5,18,computers_accessories,42,15
2017,5,18,consoles_games,6,16
2017,5,18,cool_stuff,45,20
2017,5,18,costruction_tools_tools,2,22
2017,5,18,electronics,11,26
2017,5,18,fashion_bags_accessories,24,28
2017,5,18,fashion_shoes,4,31
2017,5,18,fashion_underwear_beach,1,33
2017,5,18,fixed_telephony,3,34
2017,5,18,food,1,36
2017,5,18,food_drink,1,37
2017,5,18,furniture_decor,60,39
2017,5,18,furniture_living_room,12,40
2017,5,18,garden_tools,40,42
2017,5,18,health_beauty,70,43
2017,5,18,home_appliances,10,44
2017,5,18,home_appliances_2,2,45
2017,5,18,home_confort,8,47
2017,5,18,home_construction,1,48
2017,5,18,housewares,63,49
2017,5,18,industry_commerce_and_business,1,50
2017,5,18,kitchen_dining_laundry_garden_furniture,2,51
2017,5,18,luggage_accessories,10,53
2017,5,18,market_place,5,54
2017,5,18,musical_instruments,7,56
2017,5,18,office_furniture,12,57
2017,5,18,perfumery,28,59
2017,5,18,pet_shop,20,60
2017,5,18,small_appliances,1,63
2017,5,18,sports_leisure,78,65
2017,5,18,stationery,18,66
2017,5,18,tablets_printing_image,2,67
2017,5,18,telephony,51,68
2017,5,18,toys,36,69
2017,5,18,watches_gifts,16,70
2017,5,19,agro_industry_and_commerce,1,0
2017,5,19,air_conditioning,2,1
2017,5,19,arts_and_craftmanship,1,3
2017,5,19,audio,3,4
2017,5,19,auto,21,5
2017,5,19,baby,24,6
2017,5,19,bed_bath_table,77,7
2017,5,19,books_general_interest,7,8
2017,5,19,books_technical,1,10
2017,5,19,computers_accessories,90,15
2017,5,19,consoles_games,5,16
2017,5,19,cool_stuff,54,20
2017,5,19,costruction_tools_garden,4,21
2017,5,19,dvds_blu_ray,1,25
2017,5,19,electronics,18,26
2017,5,19,fashion_bags_accessories,16,28
2017,5,19,fashion_male_clothing,1,30
2017,5,19,fashion_shoes,5,31
2017,5,19,fashion_sport,2,32
2017,5,19,fashion_underwear_beach,2,33
2017,5,19,fixed_telephony,2,34
2017,5,19,food_drink,3,37
2017,5,19,furniture_bedroom,2,38
2017,5,19,furniture_decor,58,39
2017,5,19,furniture_living_room,4,40
2017,5,19,furniture_mattress_and_upholstery,1,41
2017,5,19,garden_tools,32,42
2017,5,19,health_beauty,62,43
2017,5,19,home_appliances,6,44
2017,5,19,home_appliances_2,1,45
2017,5,19,home_confort,4,47
2017,5,19,home_construction,1,48
2017,5,19,housewares,45,49
2017,5,19,luggage_accessories,11,53
2017,5,19,market_place,3,54
2017,5,19,musical_instruments,2,56
2017,5,19,office_furniture,28,57
2017,5,19,perfumery,27,59
2017,5,19,pet_shop,16,60
2017,5,19,signaling_and_security,1,62
2017,5,19,small_appliances,3,63
2017,5,19,sports_leisure,56,65
2017,5,19,stationery,13,66
2017,5,19,tablets_printing_image,2,67
2017,5,19,telephony,44,68
2017,5,19,toys,45,69
2017,5,19,watches_gifts,32,70
2017,5,20,agro_industry_and_commerce,1,0
2017,5,20,air_conditioning,1,1
2017,5,20,art,2,2
2017,5,20,audio,6,4
2017,5,20,auto,28,5
2017,5,20,baby,25,6
2017,5,20,bed_bath_table,81,7
2017,5,20,books_general_interest,3,8
2017,5,20,computers_accessories,86,15
2017,5,20,consoles_games,10,16
2017,5,20,cool_stuff,68,20
2017,5,20,dvds_blu_ray,2,25
2017,5,20,electronics,17,26
2017,5,20,fashio_female_clothing,4,27
2017,5,20,fashion_bags_accessories,31,28
2017,5,20,fashion_childrens_clothes,1,29
2017,5,20,fashion_male_clothing,3,30
2017,5,20,fashion_shoes,5,31
2017,5,20,fashion_underwear_beach,3,33
2017,5,20,fixed_telephony,2,34
2017,5,20,food,2,36
2017,5,20,food_drink,5,37
2017,5,20,furniture_bedroom,5,38
2017,5,20,furniture_decor,75,39
2017,5,20,furniture_living_room,5,40
2017,5,20,furniture_mattress_and_upholstery,1,41
2017,5,20,garden_tools,30,42
2017,5,20,health_beauty,59,43
2017,5,20,home_appliances,5,44
2017,5,20,home_appliances_2,3,45
2017,5,20,home_confort,8,47
2017,5,20,home_construction,4,48
2017,5,20,housewares,94,49
2017,5,20,kitchen_dining_laundry_garden_furniture,4,51
2017,5,20,luggage_accessories,21,53
2017,5,20,market_place,9,54
2017,5,20,musical_instruments,4,56
2017,5,20,office_furniture,7,57
2017,5,20,perfumery,38,59
2017,5,20,pet_shop,17,60
2017,5,20,small_appliances,6,63
2017,5,20,sports_leisure,85,65
2017,5,20,stationery,15,66
2017,5,20,telephony,51,68
2017,5,20,toys,46,69
2017,5,20,watches_gifts,33,70
2017,5,21,agro_industry_and_commerce,1,0
2017,5,21,art,2,2
2017,5,21,audio,3,4
2017,5,21,auto,27,5
2017,5,21,baby,20,6
2017,5,21,bed_bath_table,101,7
2017,5,21,books_general_interest,4,8
2017,5,21,computers_accessories,57,15
2017,5,21,consoles_games,7,16
2017,5,21,cool_stuff,47,20
2017,5,21,costruction_tools_garden,3,21
2017,5,21,drinks,1,24
2017,5,21,dvds_blu_ray,1,25
2017,5,21,electronics,10,26
2017,5,21,fashion_bags_accessories,26,28
2017,5,21,fashion_shoes,5,31
2017,5,21,fashion_sport,1,32
2017,5,21,fashion_underwear_beach,1,33
2017,5,21,food_drink,2,37
2017,5,21,furniture_bedroom,1,38
2017,5,21,furniture_decor,49,39
2017,5,21,furniture_living_room,7,40
2017,5,21,garden_tools,26,42
2017,5,21,health_beauty,57,43
2017,5,21,home_appliances,2,44
2017,5,21,home_appliances_2,1,45
2017,5,21,home_confort,11,47
2017,5,21,home_construction,1,48
2017,5,21,housewares,57,49
2017,5,21,industry_commerce_and_business,1,50
2017,5,21,kitchen_dining_laundry_garden_furniture,3,51
2017,5,21,la_cuisine,1,52
2017,5,21,luggage_accessories,19,53
2017,5,21,market_place,1,54
2017,5,21,musical_instruments,5,56
2017,5,21,office_furniture,4,57
2017,5,21,perfumery,39,59
2017,5,21,pet_shop,8,60
2017,5,21,signaling_and_security,1,62
2017,5,21,small_appliances,5,63
2017,5,21,sports_leisure,75,65
2017,5,21,stationery,13,66
2017,5,21,tablets_printing_image,3,67
2017,5,21,telephony,45,68
2017,5,21,toys,48,69
2017,5,21,watches_gifts,34,70
2017,5,22,air_conditioning,1,1
2017,5,22,art,1,2
2017,5,22,audio,2,4
2017,5,22,auto,16,5
2017,5,22,baby,9,6
2017,5,22,bed_bath_table,36,7
2017,5,22,books_general_interest,2,8
2017,5,22,computers_accessories,34,15
2017,5,22,consoles_games,1,16
2017,5,22,construction_tools_construction,1,17
2017,5,22,cool_stuff,27,20
2017,5,22,electronics,9,26
2017,5,22,fashion_bags_accessories,7,28
2017,5,22,fashion_shoes,3,31
2017,5,22,fixed_telephony,2,34
2017,5,22,food_drink,1,37
2017,5,22,furniture_bedroom,1,38
2017,5,22,furniture_decor,29,39
2017,5,22,furniture_living_room,4,40
2017,5,22,furniture_mattress_and_upholstery,1,41
2017,5,22,garden_tools,10,42
2017,5,22,health_beauty,36,43
2017,5,22,home_appliances,5,44
2017,5,22,home_confort,4,47
2017,5,22,housewares,43,49
2017,5,22,luggage_accessories,9,53
2017,5,22,market_place,4,54
2017,5,22,musical_instruments,2,56
2017,5,22,office_furniture,5,57
2017,5,22,perfumery,11,59
2017,5,22,pet_shop,12,60
2017,5,22,signaling_and_security,2,62
2017,5,22,small_appliances,3,63
2017,5,22,sports_leisure,11,65
2017,5,22,stationery,5,66
2017,5,22,telephony,23,68
2017,5,22,toys,21,69
2017,5,22,watches_gifts,14,70
2017,6,22,auto,7,5
2017,6,22,baby,11,6
2017,6,22,bed_bath_table,39,7
2017,6,22,books_general_interest,2,8
2017,6,22,books_technical,1,10
2017,6,22,cine_photo,1,13
2017,6,22,computers_accessories,34,15
2017,6,22,consoles_games,2,16
2017,6,22,cool_stuff,30,20
2017,6,22,dvds_blu_ray,1,25
2017,6,22,electronics,8,26
2017,6,22,fashion_bags_accessories,14,28
2017,6,22,fashion_male_clothing,3,30
2017,6,22,fashion_shoes,4,31
2017,6,22,fashion_sport,1,32
2017,6,22,fixed_telephony,2,34
2017,6,22,furniture_decor,27,39
2017,6,22,furniture_living_room,1,40
2017,6,22,garden_tools,15,42
2017,6,22,health_beauty,43,43
2017,6,22,home_appliances,4,44
2017,6,22,home_appliances_2,1,45
2017,6,22,home_confort,2,47
2017,6,22,home_construction,5,48
2017,6,22,housewares,35,49
2017,6,22,industry_commerce_and_business,1,50
2017,6,22,kitchen_dining_laundry_garden_furniture,1,51
2017,6,22,luggage_accessories,11,53
2017,6,22,market_place,2,54
2017,6,22,musical_instruments,2,56
2017,6,22,office_furniture,5,57
2017,6,22,perfumery,22,59
2017,6,22,pet_shop,9,60
2017,6,22,small_appliances,4,63
2017,6,22,sports_leisure,34,65
2017,6,22,stationery,4,66
2017,6,22,tablets_printing_image,3,67
2017,6,22,telephony,20,68
2017,6,22,toys,25,69
2017,6,22,watches_gifts,16,70
2017,6,23,air_conditioning,5,1
2017,6,23,art,3,2
2017,6,23,audio,2,4
2017,6,23,auto,32,5
2017,6,23,baby,16,6
2017,6,23,bed_bath_table,99,7
2017,6,23,books_general_interest,7,8
2017,6,23,books_technical,1,10
2017,6,23,computers_accessories,69,15
2017,6,23,consoles_games,4,16
2017,6,23,construction_tools_construction,3,17
2017,6,23,cool_stuff,42,20
2017,6,23,drinks,1,24
2017,6,23,dvds_blu_ray,1,25
2017,6,23,electronics,8,26
2017,6,23,fashio_female_clothing,2,27
2017,6,23,fashion_bags_accessories,26,28
2017,6,23,fashion_childrens_clothes,1,29
2017,6,23,fashion_male_clothing,1,30
2017,6,23,fashion_shoes,3,31
2017,6,23,fashion_sport,2,32
2017,6,23,fixed_telephony,3,34
2017,6,23,food_drink,2,37
2017,6,23,furniture_bedroom,1,38
2017,6,23,furniture_decor,63,39
2017,6,23,furniture_living_room,9,40
2017,6,23,garden_tools,32,42
2017,6,23,health_beauty,54,43
2017,6,23,home_appliances,7,44
2017,6,23,home_appliances_2,1,45
2017,6,23,home_comfort_2,1,46
2017,6,23,home_confort,7,47
2017,6,23,housewares,66,49
2017,6,23,kitchen_dining_laundry_garden_furniture,1,51
2017,6,23,luggage_accessories,14,53
2017,6,23,market_place,6,54
2017,6,23,music,1,55
2017,6,23,musical_instruments,5,56
2017,6,23,office_furniture,6,57
2017,6,23,perfumery,44,59
2017,6,23,pet_shop,23,60
2017,6,23,signaling_and_security,1,62
2017,6,23,small_appliances,4,63
2017,6,23,sports_leisure,68,65
2017,6,23,stationery,9,66
2017,6,23,tablets_printing_image,2,67
2017,6,23,telephony,53,68
2017,6,23,toys,52,69
2017,6,23,watches_gifts,35,70
2017,6,24,air_conditioning,1,1
2017,6,24,art,1,2
2017,6,24,audio,5,4
2017,6,24,auto,27,5
2017,6,24,baby,27,6
2017,6,24,bed_bath_table,93,7
2017,6,24,books_general_interest,3,8
2017,6,24,books_imported,2,9
2017,6,24,computers_accessories,73,15
2017,6,24,consoles_games,7,16
2017,6,24,construction_tools_construction,4,17
2017,6,24,cool_stuff,51,20
2017,6,24,dvds_blu_ray,1,25
2017,6,24,electronics,11,26
2017,6,24,fashio_female_clothing,1,27
2017,6,24,fashion_bags_accessories,21,28
2017,6,24,fashion_male_clothing,4,30
2017,6,24,fashion_shoes,6,31
2017,6,24,fashion_sport,1,32
2017,6,24,fixed_telephony,3,34
2017,6,24,food,1,36
2017,6,24,furniture_bedroom,1,38
2017,6,24,furniture_decor,42,39
2017,6,24,furniture_living_room,2,40
2017,6,24,garden_tools,32,42
2017,6,24,health_beauty,52,43
2017,6,24,home_appliances,10,44
2017,6,24,home_appliances_2,1,45
2017,6,24,home_confort,2,47
2017,6,24,home_construction,1,48
2017,6,24,housewares,64,49
2017,6,24,luggage_accessories,14,53
2017,6,24,market_place,2,54
2017,6,24,musical_instruments,3,56
2017,6,24,office_furniture,12,57
2017,6,24,perfumery,35,59
2017,6,24,pet_shop,9,60
2017,6,24,small_appliances,6,63
2017,6,24,sports_leisure,70,65
2017,6,24,stationery,8,66
2017,6,24,tablets_printing_image,1,67
2017,6,24,telephony,43,68
2017,6,24,toys,33,69
2017,6,24,watches_gifts,25,70
2017,6,25,air_conditioning,3,1
2017,6,25,audio,1,4
2017,6,25,auto,23,5
2017,6,25,baby,15,6
2017,6,25,bed_bath_table,73,7
2017,6,25,books_general_interest,5,8
2017,6,25,christmas_supplies,3,12
2017,6,25,computers_accessories,52,15
2017,6,25,consoles_games,11,16
2017,6,25,cool_stuff,40,20
2017,6,25,costruction_tools_garden,1,21
2017,6,25,electronics,7,26
2017,6,25,fashion_bags_accessories,12,28
2017,6,25,fashion_male_clothing,1,30
2017,6,25,fashion_shoes,3,31
2017,6,25,fashion_underwear_beach,1,33
2017,6,25,fixed_telephony,1,34
2017,6,25,furniture_decor,56,39
2017,6,25,furniture_living_room,3,40
2017,6,25,garden_tools,15,42
2017,6,25,health_beauty,59,43
2017,6,25,home_appliances,11,44
2017,6,25,home_appliances_2,2,45
2017,6,25,home_confort,4,47
2017,6,25,housewares,83,49
2017,6,25,industry_commerce_and_business,1,50
2017,6,25,kitchen_dining_laundry_garden_furniture,1,51
2017,6,25,luggage_accessories,9,53
2017,6,25,market_place,3,54
2017,6,25,music,1,55
2017,6,25,musical_instruments,8,56
2017,6,25,office_furniture,18,57
2017,6,25,perfumery,24,59
2017,6,25,pet_shop,11,60
2017,6,25,small_appliances,3,63
2017,6,25,sports_leisure,47,65
2017,6,25,stationery,10,66
2017,6,25,telephony,23,68
2017,6,25,toys,27,69
2017,6,25,watches_gifts,30,70
2017,6,26,agro_industry_and_commerce,1,0
2017,6,26,air_conditioning,2,1
2017,6,26,audio,3,4
2017,6,26,auto,21,5
2017,6,26,baby,9,6
2017,6,26,bed_bath_table,65,7
2017,6,26,books_general_interest,3,8
2017,6,26,computers_accessories,26,15
2017,6,26,consoles_games,5,16
2017,6,26,construction_tools_construction,1,17
2017,6,26,cool_stuff,36,20
2017,6,26,costruction_tools_garden,3,21
2017,6,26,dvds_blu_ray,1,25
2017,6,26,electronics,7,26
2017,6,26,fashion_bags_accessories,8,28
2017,6,26,fashion_shoes,3,31
2017,6,26,fashion_sport,1,32
2017,6,26,fixed_telephony,3,34
2017,6,26,furniture_decor,42,39
2017,6,26,garden_tools,16,42
2017,6,26,health_beauty,46,43
2017,6,26,home_appliances,11,44
2017,6,26,home_appliances_2,1,45
2017,6,26,home_confort,2,47
2017,6,26,home_construction,2,48
2017,6,26,housewares,73,49
2017,6,26,kitchen_dining_laundry_garden_furniture,1,51
2017,6,26,luggage_accessories,12,53
2017,6,26,market_place,3,54
2017,6,26,music,2,55
2017,6,26,musical_instruments,2,56
2017,6,26,office_furniture,9,57
2017,6,26,perfumery,23,59
2017,6,26,pet_shop,11,60
2017,6,26,small_appliances,6,63
2017,6,26,small_appliances_home_oven_and_coffee,1,64
2017,6,26,sports_leisure,50,65
2017,6,26,stationery,7,66
2017,6,26,telephony,18,68
2017,6,26,toys,19,69
2017,6,26,watches_gifts,13,70
2017,7,26,auto,4,5
2017,7,26,baby,5,6
2017,7,26,bed_bath_table,25,7
2017,7,26,books_general_interest,1,8
2017,7,26,computers_accessories,8,15
2017,7,26,cool_stuff,21,20
2017,7,26,costruction_tools_garden,1,21
2017,7,26,electronics,3,26
2017,7,26,fashio_female_clothing,1,27
2017,7,26,fashion_bags_accessories,3,28
2017,7,26,fashion_shoes,1,31
2017,7,26,furniture_decor,22,39
2017,7,26,furniture_living_room,1,40
2017,7,26,garden_tools,4,42
2017,7,26,health_beauty,15,43
2017,7,26,home_appliances,2,44
2017,7,26,home_appliances_2,2,45
2017,7,26,home_comfort_2,1,46
2017,7,26,home_confort,3,47
2017,7,26,housewares,14,49
2017,7,26,luggage_accessories,2,53
2017,7,26,office_furniture,2,57
2017,7,26,perfumery,5,59
2017,7,26,pet_shop,2,60
2017,7,26,small_appliances,3,63
2017,7,26,sports_leisure,18,65
2017,7,26,stationery,5,66
2017,7,26,tablets_printing_image,1,67
2017,7,26,telephony,6,68
2017,7,26,toys,13,69
2017,7,26,watches_gifts,10,70
2017,7,27,air_conditioning,1,1
2017,7,27,art,2,2
2017,7,27,audio,1,4
2017,7,27,auto,19,5
2017,7,27,baby,24,6
2017,7,27,bed_bath_table,127,7
2017,7,27,books_general_interest,1,8
2017,7,27,cds_dvds_musicals,2,11
2017,7,27,computers_accessories,61,15
2017,7,27,consoles_games,7,16
2017,7,27,construction_tools_construction,1,17
2017,7,27,cool_stuff,55,20
2017,7,27,costruction_tools_garden,1,21
2017,7,27,drinks,1,24
2017,7,27,dvds_blu_ray,1,25
2017,7,27,electronics,21,26
2017,7,27,fashion_bags_accessories,16,28
2017,7,27,fashion_shoes,2,31
2017,7,27,fixed_telephony,4,34
2017,7,27,food,1,36
2017,7,27,food_drink,3,37
2017,7,27,furniture_bedroom,1,38
2017,7,27,furniture_decor,75,39
2017,7,27,furniture_living_room,4,40
2017,7,27,garden_tools,28,42
2017,7,27,health_beauty,61,43
2017,7,27,home_appliances,5,44
2017,7,27,home_appliances_2,1,45
2017,7,27,home_confort,8,47
2017,7,27,housewares,53,49
2017,7,27,industry_commerce_and_business,1,50
2017,7,27,luggage_accessories,17,53
2017,7,27,market_place,4,54
2017,7,27,music,1,55
2017,7,27,musical_instruments,4,56
2017,7,27,office_furniture,24,57
2017,7,27,perfumery,19,59
2017,7,27,pet_shop,23,60
2017,7,27,small_appliances,6,63
2017,7,27,sports_leisure,74,65
2017,7,27,stationery,19,66
2017,7,27,tablets_printing_image,1,67
2017,7,27,telephony,29,68
2017,7,27,toys,45,69
2017,7,27,watches_gifts,21,70
2017,7,28,agro_industry_and_commerce,1,0
2017,7,28,air_conditioning,1,1
2017,7,28,art,1,2
2017,7,28,arts_and_craftmanship,1,3
2017,7,28,audio,4,4
2017,7,28,auto,34,5
2017,7,28,baby,32,6
2017,7,28,bed_bath_table,137,7
2017,7,28,books_general_interest,1,8
2017,7,28,cds_dvds_musicals,2,11
2017,7,28,christmas_supplies,1,12
2017,7,28,computers_accessories,73,15
2017,7,28,consoles_games,8,16
2017,7,28,construction_tools_construction,3,17
2017,7,28,cool_stuff,63,20
2017,7,28,costruction_tools_garden,2,21
2017,7,28,dvds_blu_ray,2,25
2017,7,28,electronics,28,26
2017,7,28,fashion_bags_accessories,22,28
2017,7,28,fashion_male_clothing,5,30
2017,7,28,fashion_shoes,4,31
2017,7,28,fashion_underwear_beach,1,33
2017,7,28,fixed_telephony,2,34
2017,7,28,food,1,36
2017,7,28,food_drink,2,37
2017,7,28,furniture_decor,66,39
2017,7,28,furniture_living_room,12,40
2017,7,28,garden_tools,28,42
2017,7,28,health_beauty,90,43
2017,7,28,home_appliances,3,44
2017,7,28,home_appliances_2,1,45
2017,7,28,home_confort,17,47
2017,7,28,housewares,50,49
2017,7,28,industry_commerce_and_business,1,50
2017,7,28,kitchen_dining_laundry_garden_furniture,2,51
2017,7,28,la_cuisine,1,52
2017,7,28,luggage_accessories,21,53
2017,7,28,market_place,3,54
2017,7,28,musical_instruments,7,56
2017,7,28,office_furniture,24,57
2017,7,28,perfumery,33,59
2017,7,28,pet_shop,25,60
2017,7,28,signaling_and_security,2,62
2017,7,28,small_appliances,10,63
2017,7,28,sports_leisure,93,65
2017,7,28,stationery,16,66
2017,7,28,telephony,25,68
2017,7,28,toys,50,69
2017,7,28,watches_gifts,44,70
2017,7,29,air_conditioning,2,1
2017,7,29,auto,27,5
2017,7,29,baby,37,6
2017,7,29,bed_bath_table,151,7
2017,7,29,books_general_interest,6,8
2017,7,29,christmas_supplies,1,12
2017,7,29,computers_accessories,82,15
2017,7,29,consoles_games,9,16
2017,7,29,construction_tools_construction,1,17
2017,7,29,cool_stuff,50,20
2017,7,29,costruction_tools_garden,3,21
2017,7,29,electronics,23,26
2017,7,29,fashio_female_clothing,1,27
2017,7,29,fashion_bags_accessories,20,28
2017,7,29,fashion_male_clothing,3,30
2017,7,29,fashion_shoes,7,31
2017,7,29,fashion_sport,1,32
2017,7,29,fashion_underwear_beach,1,33
2017,7,29,fixed_telephony,1,34
2017,7,29,food,2,36
2017,7,29,food_drink,3,37
2017,7,29,furniture_bedroom,1,38
2017,7,29,furniture_decor,58,39
2017,7,29,furniture_living_room,6,40
2017,7,29,furniture_mattress_and_upholstery,1,41
2017,7,29,garden_tools,89,42
2017,7,29,health_beauty,69,43
2017,7,29,home_appliances,13,44
2017,7,29,home_confort,9,47
2017,7,29,housewares,57,49
2017,7,29,kitchen_dining_laundry_garden_furniture,6,51
2017,7,29,la_cuisine,2,52
2017,7,29,luggage_accessories,11,53
2017,7,29,market_place,2,54
2017,7,29,musical_instruments,6,56
2017,7,29,office_furniture,28,57
2017,7,29,perfumery,38,59
2017,7,29,pet_shop,20,60
2017,7,29,signaling_and_security,2,62
2017,7,29,small_appliances,6,63
2017,7,29,sports_leisure,75,65
2017,7,29,stationery,14,66
2017,7,29,telephony,35,68
2017,7,29,toys,40,69
2017,7,29,watches_gifts,43,70
2017,7,30,audio,1,4
2017,7,30,auto,28,5
2017,7,30,baby,22,6
2017,7,30,bed_bath_table,117,7
2017,7,30,books_general_interest,3,8
2017,7,30,books_technical,1,10
2017,7,30,cds_dvds_musicals,1,11
2017,7,30,computers_accessories,81,15
2017,7,30,consoles_games,19,16
2017,7,30,construction_tools_construction,1,17
2017,7,30,construction_tools_lights,1,18
2017,7,30,cool_stuff,34,20
2017,7,30,costruction_tools_garden,1,21
2017,7,30,drinks,2,24
2017,7,30,electronics,13,26
2017,7,30,fashio_female_clothing,1,27
2017,7,30,fashion_bags_accessories,21,28
2017,7,30,fashion_male_clothing,1,30
2017,7,30,fashion_shoes,4,31
2017,7,30,fashion_underwear_beach,1,33
2017,7,30,fixed_telephony,2,34
2017,7,30,food,3,36
2017,7,30,furniture_bedroom,2,38
2017,7,30,furniture_decor,81,39
2017,7,30,furniture_living_room,6,40
2017,7,30,garden_tools,27,42
2017,7,30,health_beauty,65,43
2017,7,30,home_appliances,12,44
2017,7,30,home_appliances_2,3,45
2017,7,30,home_confort,6,47
2017,7,30,home_construction,2,48
2017,7,30,housewares,78,49
2017,7,30,kitchen_dining_laundry_garden_furniture,2,51
2017,7,30,luggage_accessories,18,53
2017,7,30,market_place,3,54
2017,7,30,musical_instruments,11,56
2017,7,30,office_furniture,34,57
2017,7,30,party_supplies,1,58
2017,7,30,perfumery,25,59
2017,7,30,pet_shop,13,60
2017,7,30,signaling_and_security,1,62
2017,7,30,small_appliances,6,63
2017,7,30,sports_leisure,101,65
2017,7,30,stationery,21,66
2017,7,30,telephony,41,68
2017,7,30,toys,45,69
2017,7,30,watches_gifts,39,70
2017,7,31,air_conditioning,1,1
2017,7,31,auto,2,5
2017,7,31,baby,5,6
2017,7,31,bed_bath_table,12,7
2017,7,31,books_general_interest,1,8
2017,7,31,books_technical,1,10
2017,7,31,computers_accessories,15,15
2017,7,31,consoles_games,4,16
2017,7,31,cool_stuff,5,20
2017,7,31,electronics,6,26
2017,7,31,fashio_female_clothing,1,27
2017,7,31,fashion_bags_accessories,4,28
2017,7,31,fashion_shoes,1,31
2017,7,31,furniture_decor,12,39
2017,7,31,furniture_living_room,1,40
2017,7,31,garden_tools,8,42
2017,7,31,health_beauty,8,43
2017,7,31,home_appliances,2,44
2017,7,31,housewares,19,49
2017,7,31,kitchen_dining_laundry_garden_furniture,1,51
2017,7,31,la_cuisine,1,52
2017,7,31,luggage_accessories,4,53
2017,7,31,market_place,1,54
2017,7,31,musical_instruments,2,56
2017,7,31,office_furniture,3,57
2017,7,31,perfumery,1,59
2017,7,31,pet_shop,2,60
2017,7,31,sports_leisure,14,65
2017,7,31,stationery,2,66
2017,7,31,telephony,7,68
2017,7,31,toys,10,69
2017,7,31,watches_gifts,5,70
2017,8,31,air_conditioning,3,1
2017,8,31,audio,2,4
2017,8,31,auto,40,5
2017,8,31,baby,23,6
2017,8,31,bed_bath_table,81,7
2017,8,31,books_general_interest,4,8
2017,8,31,books_technical,1,10
2017,8,31,computers_accessories,69,15
2017,8,31,consoles_games,11,16
2017,8,31,construction_tools_construction,1,17
2017,8,31,construction_tools_lights,1,18
2017,8,31,cool_stuff,60,20
2017,8,31,costruction_tools_garden,1,21
2017,8,31,dvds_blu_ray,1,25
2017,8,31,electronics,10,26
2017,8,31,fashio_female_clothing,1,27
2017,8,31,fashion_bags_accessories,17,28
2017,8,31,fashion_male_clothing,3,30
2017,8,31,fashion_shoes,3,31
2017,8,31,fixed_telephony,3,34
2017,8,31,food,2,36
2017,8,31,food_drink,2,37
2017,8,31,furniture_decor,89,39
2017,8,31,furniture_living_room,8,40
2017,8,31,garden_tools,35,42
2017,8,31,health_beauty,69,43
2017,8,31,home_appliances,3,44
2017,8,31,home_appliances_2,1,45
2017,8,31,home_confort,6,47
2017,8,31,housewares,59,49
2017,8,31,kitchen_dining_laundry_garden_furniture,1,51
2017,8,31,luggage_accessories,11,53
2017,8,31,market_place,5,54
2017,8,31,musical_instruments,4,56
2017,8,31,office_furniture,10,57
2017,8,31,perfumery,19,59
2017,8,31,pet_shop,16,60
2017,8,31,signaling_and_security,1,62
2017,8,31,small_appliances,11,63
2017,8,31,sports_leisure,74,65
2017,8,31,stationery,13,66
2017,8,31,tablets_printing_image,1,67
2017,8,31,telephony,31,68
2017,8,31,toys,44,69
2017,8,31,watches_gifts,49,70
2017,8,32,air_conditioning,3,1
2017,8,32,art,2,2
2017,8,32,audio,2,4
2017,8,32,auto,22,5
2017,8,32,baby,22,6
2017,8,32,bed_bath_table,135,7
2017,8,32,books_general_interest,8,8
2017,8,32,books_technical,2,10
2017,8,32,cds_dvds_musicals,2,11
2017,8,32,computers_accessories,75,15
2017,8,32,consoles_games,10,16
2017,8,32,construction_tools_construction,1,17
2017,8,32,cool_stuff,67,20
2017,8,32,costruction_tools_garden,1,21
2017,8,32,drinks,1,24
2017,8,32,dvds_blu_ray,3,25
2017,8,32,electronics,20,26
2017,8,32,fashio_female_clothing,1,27
2017,8,32,fashion_bags_accessories,19,28
2017,8,32,fashion_male_clothing,1,30
2017,8,32,fashion_shoes,4,31
2017,8,32,fashion_underwear_beach,4,33
2017,8,32,fixed_telephony,10,34
2017,8,32,food,2,36
2017,8,32,food_drink,1,37
2017,8,32,furniture_bedroom,2,38
2017,8,32,furniture_decor,77,39
2017,8,32,furniture_living_room,3,40
2017,8,32,garden_tools,50,42
2017,8,32,health_beauty,67,43
2017,8,32,home_appliances,11,44
2017,8,32,home_appliances_2,2,45
2017,8,32,home_confort,10,47
2017,8,32,housewares,62,49
2017,8,32,kitchen_dining_laundry_garden_furniture,3,51
2017,8,32,la_cuisine,1,52
2017,8,32,luggage_accessories,22,53
2017,8,32,market_place,6,54
2017,8,32,musical_instruments,2,56
2017,8,32,office_furniture,17,57
2017,8,32,perfumery,23,59
2017,8,32,pet_shop,23,60
2017,8,32,signaling_and_security,1,62
2017,8,32,small_appliances,6,63
2017,8,32,small_appliances_home_oven_and_coffee,1,64
2017,8,32,sports_leisure,98,65
2017,8,32,stationery,22,66
2017,8,32,tablets_printing_image,1,67
2017,8,32,telephony,27,68
2017,8,32,toys,40,69
2017,8,32,watches_gifts,37,70
2017,8,33,air_conditioning,3,1
2017,8,33,audio,2,4
2017,8,33,auto,38,5
2017,8,33,baby,28,6
2017,8,33,bed_bath_table,140,7
2017,8,33,books_general_interest,2,8
2017,8,33,computers_accessories,85,15
2017,8,33,consoles_games,21,16
2017,8,33,construction_tools_construction,3,17
2017,8,33,cool_stuff,52,20
2017,8,33,drinks,1,24
2017,8,33,dvds_blu_ray,1,25
2017,8,33,electronics,8,26
2017,8,33,fashio_female_clothing,2,27
2017,8,33,fashion_bags_accessories,32,28
2017,8,33,fashion_male_clothing,5,30
2017,8,33,fashion_shoes,7,31
2017,8,33,fashion_sport,1,32
2017,8,33,fashion_underwear_beach,3,33
2017,8,33,fixed_telephony,6,34
2017,8,33,food,1,36
2017,8,33,food_drink,5,37
2017,8,33,furniture_decor,98,39
2017,8,33,furniture_living_room,4,40
2017,8,33,furniture_mattress_and_upholstery,1,41
2017,8,33,garden_tools,71,42
2017,8,33,health_beauty,84,43
2017,8,33,home_appliances,12,44
2017,8,33,home_appliances_2,6,45
2017,8,33,home_comfort_2,1,46
2017,8,33,home_confort,2,47
2017,8,33,home_construction,1,48
2017,8,33,housewares,60,49
2017,8,33,industry_commerce_and_business,2,50
2017,8,33,kitchen_dining_laundry_garden_furniture,2,51
2017,8,33,luggage_accessories,11,53
2017,8,33,market_place,5,54
2017,8,33,musical_instruments,5,56
2017,8,33,office_furniture,16,57
2017,8,33,perfumery,33,59
2017,8,33,pet_shop,8,60
2017,8,33,signaling_and_security,1,62
2017,8,33,small_appliances,9,63
2017,8,33,sports_leisure,103,65
2017,8,33,stationery,19,66
2017,8,33,telephony,31,68
2017,8,33,toys,43,69
2017,8,33,watches_gifts,43,70
2017,8,34,air_conditioning,2,1
2017,8,34,art,1,2
2017,8,34,audio,1,4
2017,8,34,auto,44,5
2017,8,34,baby,34,6
2017,8,34,bed_bath_table,97,7
2017,8,34,books_general_interest,6,8
2017,8,34,books_imported,1,9
2017,8,34,books_technical,3,10
2017,8,34,cds_dvds_musicals,1,11
2017,8,34,christmas_supplies,1,12
2017,8,34,computers_accessories,73,15
2017,8,34,consoles_games,29,16
2017,8,34,construction_tools_construction,1,17
2017,8,34,construction_tools_safety,1,19
2017,8,34,cool_stuff,50,20
2017,8,34,costruction_tools_garden,7,21
2017,8,34,dvds_blu_ray,1,25
2017,8,34,electronics,11,26
2017,8,34,fashion_bags_accessories,18,28
2017,8,34,fashion_male_clothing,4,30
2017,8,34,fashion_shoes,6,31
2017,8,34,fashion_underwear_beach,4,33
2017,8,34,fixed_telephony,1,34
2017,8,34,food,3,36
2017,8,34,food_drink,3,37
2017,8,34,furniture_decor,105,39
2017,8,34,furniture_living_room,6,40
2017,8,34,garden_tools,34,42
2017,8,34,health_beauty,74,43
2017,8,34,home_appliances,4,44
2017,8,34,home_appliances_2,4,45
2017,8,34,home_confort,5,47
2017,8,34,housewares,50,49
2017,8,34,industry_commerce_and_business,1,50
2017,8,34,luggage_accessories,11,53
2017,8,34,market_place,6,54
2017,8,34,musical_instruments,6,56
2017,8,34,office_furniture,6,57
2017,8,34,perfumery,34,59
2017,8,34,pet_shop,26,60
2017,8,34,signaling_and_security,1,62
2017,8,34,small_appliances,8,63
2017,8,34,sports_leisure,92,65
2017,8,34,stationery,21,66
2017,8,34,tablets_printing_image,3,67
2017,8,34,telephony,28,68
2017,8,34,toys,30,69
2017,8,34,watches_gifts,49,70
2017,8,35,agro_industry_and_commerce,4,0
2017,8,35,air_conditioning,4,1
2017,8,35,art,1,2
2017,8,35,auto,17,5
2017,8,35,baby,20,6
2017,8,35,bed_bath_table,53,7
2017,8,35,books_general_interest,7,8
2017,8,35,books_technical,3,10
2017,8,35,computers,28,14
2017,8,35,computers_accessories,39,15
2017,8,35,consoles_games,13,16
2017,8,35,construction_tools_construction,1,17
2017,8,35,construction_tools_lights,1,18
2017,8,35,cool_stuff,27,20
2017,8,35,costruction_tools_garden,1,21
2017,8,35,electronics,7,26
2017,8,35,fashion_bags_accessories,9,28
2017,8,35,fashion_male_clothing,1,30
2017,8,35,fashion_shoes,2,31
2017,8,35,fashion_sport,1,32
2017,8,35,fashion_underwear_beach,2,33
2017,8,35,food_drink,4,37
2017,8,35,furniture_bedroom,1,38
2017,8,35,furniture_decor,57,39
2017,8,35,furniture_living_room,2,40
2017,8,35,furniture_mattress_and_upholstery,1,41
2017,8,35,garden_tools,43,42
2017,8,35,health_beauty,58,43
2017,8,35,home_appliances,12,44
2017,8,35,home_appliances_2,2,45
2017,8,35,home_comfort_2,2,46
2017,8,35,home_confort,5,47
2017,8,35,housewares,49,49
2017,8,35,kitchen_dining_laundry_garden_furniture,1,51
2017,8,35,la_cuisine,1,52
2017,8,35,luggage_accessories,7,53
2017,8,35,market_place,1,54
2017,8,35,musical_instruments,6,56
2017,8,35,office_furniture,9,57
2017,8,35,perfumery,18,59
2017,8,35,pet_shop,16,60
2017,8,35,small_appliances,2,63
2017,8,35,sports_leisure,50,65
2017,8,35,stationery,5,66
2017,8,35,tablets_printing_image,1,67
2017,8,35,telephony,15,68
2017,8,35,toys,25,69
2017,8,35,watches_gifts,33,70
2017,9,35,auto,6,5
2017,9,35,baby,18,6
2017,9,35,bed_bath_table,37,7
2017,9,35,books_general_interest,3,8
2017,9,35,books_imported,1,9
2017,9,35,computers,15,14
2017,9,35,computers_accessories,18,15
2017,9,35,consoles_games,10,16
2017,9,35,construction_tools_construction,1,17
2017,9,35,cool_stuff,18,20
2017,9,35,costruction_tools_garden,1,21
2017,9,35,dvds_blu_ray,1,25
2017,9,35,electronics,7,26
2017,9,35,fashio_female_clothing,1,27
2017,9,35,fashion_bags_accessories,8,28
2017,9,35,fixed_telephony,2,34
2017,9,35,furniture_decor,39,39
2017,9,35,furniture_living_room,1,40
2017,9,35,garden_tools,22,42
2017,9,35,health_beauty,31,43
2017,9,35,home_appliances,4,44
2017,9,35,home_confort,4,47
2017,9,35,housewares,28,49
2017,9,35,kitchen_dining_laundry_garden_furniture,1,51
2017,9,35,luggage_accessories,3,53
2017,9,35,market_place,2,54
2017,9,35,musical_instruments,5,56
2017,9,35,office_furniture,8,57
2017,9,35,perfumery,8,59
2017,9,35,pet_shop,8,60
2017,9,35,small_appliances,4,63
2017,9,35,sports_leisure,37,65
2017,9,35,stationery,5,66
2017,9,35,telephony,20,68
2017,9,35,toys,15,69
2017,9,35,watches_gifts,32,70
2017,9,36,agro_industry_and_commerce,1,0
2017,9,36,air_conditioning,3,1
2017,9,36,art,1,2
2017,9,36,audio,3,4
2017,9,36,auto,18,5
2017,9,36,baby,31,6
2017,9,36,bed_bath_table,95,7
2017,9,36,books_general_interest,3,8
2017,9,36,christmas_supplies,1,12
2017,9,36,computers,15,14
2017,9,36,computers_accessories,56,15
2017,9,36,consoles_games,18,16
2017,9,36,construction_tools_construction,5,17
2017,9,36,cool_stuff,42,20
2017,9,36,costruction_tools_tools,2,22
2017,9,36,drinks,3,24
2017,9,36,electronics,11,26
2017,9,36,fashion_bags_accessories,24,28
2017,9,36,fashion_male_clothing,4,30
2017,9,36,fashion_shoes,1,31
2017,9,36,fashion_underwear_beach,2,33
2017,9,36,food,1,36
2017,9,36,food_drink,1,37
2017,9,36,furniture_bedroom,1,38
2017,9,36,furniture_decor,85,39
2017,9,36,furniture_living_room,3,40
2017,9,36,garden_tools,49,42
2017,9,36,health_beauty,85,43
2017,9,36,home_appliances,1,44
2017,9,36,home_appliances_2,3,45
2017,9,36,home_comfort_2,1,46
2017,9,36,home_confort,5,47
2017,9,36,home_construction,1,48
2017,9,36,housewares,47,49
2017,9,36,luggage_accessories,9,53
2017,9,36,market_place,2,54
2017,9,36,musical_instruments,4,56
2017,9,36,office_furniture,10,57
2017,9,36,perfumery,33,59
2017,9,36,pet_shop,20,60
2017,9,36,small_appliances,4,63
2017,9,36,small_appliances_home_oven_and_coffee,1,64
2017,9,36,sports_leisure,88,65
2017,9,36,stationery,18,66
2017,9,36,tablets_printing_image,1,67
2017,9,36,telephony,52,68
2017,9,36,toys,55,69
2017,9,36,watches_gifts,54,70
2017,9,37,agro_industry_and_commerce,1,0
2017,9,37,air_conditioning,2,1
2017,9,37,audio,2,4
2017,9,37,auto,22,5
2017,9,37,baby,50,6
2017,9,37,bed_bath_table,164,7
2017,9,37,books_general_interest,5,8
2017,9,37,books_imported,1,9
2017,9,37,books_technical,6,10
2017,9,37,christmas_supplies,3,12
2017,9,37,cine_photo,1,13
2017,9,37,computers,5,14
2017,9,37,computers_accessories,72,15
2017,9,37,consoles_games,11,16
2017,9,37,construction_tools_construction,2,17
2017,9,37,construction_tools_lights,1,18
2017,9,37,construction_tools_safety,3,19
2017,9,37,cool_stuff,49,20
2017,9,37,drinks,3,24
2017,9,37,electronics,17,26
2017,9,37,fashio_female_clothing,2,27
2017,9,37,fashion_bags_accessories,39,28
2017,9,37,fashion_male_clothing,3,30
2017,9,37,fashion_shoes,9,31
2017,9,37,fashion_underwear_beach,4,33
2017,9,37,food,7,36
2017,9,37,food_drink,2,37
2017,9,37,furniture_decor,76,39
2017,9,37,furniture_living_room,4,40
2017,9,37,furniture_mattress_and_upholstery,1,41
2017,9,37,garden_tools,60,42
2017,9,37,health_beauty,106,43
2017,9,37,home_confort,6,47
2017,9,37,home_construction,7,48
2017,9,37,housewares,80,49
2017,9,37,industry_commerce_and_business,1,50
2017,9,37,kitchen_dining_laundry_garden_furniture,2,51
2017,9,37,luggage_accessories,10,53
2017,9,37,market_place,4,54
2017,9,37,musical_instruments,6,56
2017,9,37,office_furniture,8,57
2017,9,37,party_supplies,2,58
2017,9,37,perfumery,41,59
2017,9,37,pet_shop,18,60
2017,9,37,security_and_services,1,61
2017,9,37,signaling_and_security,2,62
2017,9,37,small_appliances,14,63
2017,9,37,sports_leisure,123,65
2017,9,37,stationery,17,66
2017,9,37,tablets_printing_image,1,67
2017,9,37,telephony,46,68
2017,9,37,toys,73,69
2017,9,37,watches_gifts,64,70
2017,9,38,agro_industry_and_commerce,2,0
2017,9,38,art,1,2
2017,9,38,audio,2,4
2017,9,38,auto,28,5
2017,9,38,baby,34,6
2017,9,38,bed_bath_table,154,7
2017,9,38,books_imported,2,9
2017,9,38,books_technical,1,10
2017,9,38,computers,1,14
2017,9,38,computers_accessories,50,15
2017,9,38,consoles_games,3,16
2017,9,38,construction_tools_safety,1,19
2017,9,38,cool_stuff,46,20
2017,9,38,costruction_tools_garden,2,21
2017,9,38,costruction_tools_tools,1,22
2017,9,38,dvds_blu_ray,1,25
2017,9,38,electronics,15,26
2017,9,38,fashio_female_clothing,1,27
2017,9,38,fashion_bags_accessories,29,28
2017,9,38,fashion_male_clothing,3,30
2017,9,38,fashion_shoes,1,31
2017,9,38,fashion_underwear_beach,7,33
2017,9,38,fixed_telephony,2,34
2017,9,38,food,7,36
2017,9,38,food_drink,5,37
2017,9,38,furniture_bedroom,2,38
2017,9,38,furniture_decor,88,39
2017,9,38,furniture_living_room,1,40
2017,9,38,garden_tools,45,42
2017,9,38,health_beauty,83,43
2017,9,38,home_appliances,3,44
2017,9,38,home_appliances_2,3,45
2017,9,38,home_confort,13,47
2017,9,38,home_construction,1,48
2017,9,38,housewares,48,49
2017,9,38,kitchen_dining_laundry_garden_furniture,1,51
2017,9,38,luggage_accessories,13,53
2017,9,38,market_place,2,54
2017,9,38,musical_instruments,3,56
2017,9,38,office_furniture,25,57
2017,9,38,perfumery,43,59
2017,9,38,pet_shop,17,60
2017,9,38,signaling_and_security,6,62
2017,9,38,small_appliances,2,63
2017,9,38,sports_leisure,118,65
2017,9,38,stationery,16,66
2017,9,38,telephony,25,68
2017,9,38,toys,74,69
2017,9,38,watches_gifts,67,70
2017,9,39,air_conditioning,2,1
2017,9,39,art,1,2
2017,9,39,audio,3,4
2017,9,39,auto,33,5
2017,9,39,baby,37,6
2017,9,39,bed_bath_table,78,7
2017,9,39,books_general_interest,3,8
2017,9,39,books_technical,1,10
2017,9,39,computers,4,14
2017,9,39,computers_accessories,51,15
2017,9,39,consoles_games,21,16
2017,9,39,construction_tools_construction,2,17
2017,9,39,construction_tools_safety,1,19
2017,9,39,cool_stuff,48,20
2017,9,39,costruction_tools_garden,2,21
2017,9,39,electronics,17,26
2017,9,39,fashion_bags_accessories,22,28
2017,9,39,fashion_childrens_clothes,1,29
2017,9,39,fashion_male_clothing,6,30
2017,9,39,fashion_shoes,2,31
2017,9,39,fashion_sport,5,32
2017,9,39,fashion_underwear_beach,3,33
2017,9,39,fixed_telephony,9,34
2017,9,39,food,2,36
2017,9,39,food_drink,1,37
2017,9,39,furniture_bedroom,1,38
2017,9,39,furniture_decor,55,39
2017,9,39,furniture_living_room,2,40
2017,9,39,garden_tools,46,42
2017,9,39,health_beauty,71,43
2017,9,39,home_appliances,2,44
2017,9,39,home_confort,5,47
2017,9,39,home_construction,2,48
2017,9,39,housewares,46,49
2017,9,39,industry_commerce_and_business,1,50
2017,9,39,luggage_accessories,7,53
2017,9,39,market_place,1,54
2017,9,39,musical_instruments,8,56
2017,9,39,office_furniture,9,57
2017,9,39,perfumery,28,59
2017,9,39,pet_shop,8,60
2017,9,39,signaling_and_security,1,62
2017,9,39,small_appliances,6,63
2017,9,39,sports_leisure,87,65
2017,9,39,stationery,19,66
2017,9,39,tablets_printing_image,1,67
2017,9,39,telephony,30,68
2017,9,39,toys,72,69
2017,9,39,watches_gifts,47,70
2017,10,39,auto,4,5
2017,10,39,baby,2,6
2017,10,39,bed_bath_table,19,7
2017,10,39,books_general_interest,4,8
2017,10,39,books_technical,1,10
2017,10,39,computers,1,14
2017,10,39,computers_accessories,4,15
2017,10,39,consoles_games,1,16
2017,10,39,construction_tools_safety,1,19
2017,10,39,cool_stuff,7,20
2017,10,39,electronics,2,26
2017,10,39,fashion_bags_accessories,1,28
2017,10,39,food,2,36
2017,10,39,furniture_decor,8,39
2017,10,39,garden_tools,12,42
2017,10,39,health_beauty,7,43
2017,10,39,home_confort,1,47
2017,10,39,housewares,3,49
2017,10,39,office_furniture,2,57
2017,10,39,perfumery,6,59
2017,10,39,pet_shop,5,60
2017,10,39,signaling_and_security,1,62
2017,10,39,sports_leisure,14,65
2017,10,39,stationery,6,66
2017,10,39,telephony,5,68
2017,10,39,toys,13,69
2017,10,39,watches_gifts,8,70
2017,10,40,agro_industry_and_commerce,1,0
2017,10,40,air_conditioning,4,1
2017,10,40,art,2,2
2017,10,40,audio,5,4
2017,10,40,auto,33,5
2017,10,40,baby,32,6
2017,10,40,bed_bath_table,97,7
2017,10,40,books_general_interest,1,8
2017,10,40,books_technical,1,10
2017,10,40,christmas_supplies,2,12
2017,10,40,computers,6,14
2017,10,40,computers_accessories,62,15
2017,10,40,consoles_games,14,16
2017,10,40,construction_tools_construction,5,17
2017,10,40,construction_tools_safety,7,19
2017,10,40,cool_stuff,50,20
2017,10,40,costruction_tools_garden,2,21
2017,10,40,costruction_tools_tools,2,22
2017,10,40,drinks,1,24
2017,10,40,dvds_blu_ray,1,25
2017,10,40,electronics,8,26
2017,10,40,fashion_bags_accessories,23,28
2017,10,40,fashion_childrens_clothes,1,29
2017,10,40,fashion_male_clothing,4,30
2017,10,40,fashion_shoes,1,31
2017,10,40,fashion_underwear_beach,1,33
2017,10,40,fixed_telephony,2,34
2017,10,40,food,5,36
2017,10,40,food_drink,5,37
2017,10,40,furniture_bedroom,2,38
2017,10,40,furniture_decor,67,39
2017,10,40,furniture_living_room,5,40
2017,10,40,garden_tools,80,42
2017,10,40,health_beauty,74,43
2017,10,40,home_appliances,2,44
2017,10,40,home_appliances_2,1,45
2017,10,40,home_confort,6,47
2017,10,40,home_construction,5,48
2017,10,40,housewares,48,49
2017,10,40,industry_commerce_and_business,1,50
2017,10,40,kitchen_dining_laundry_garden_furniture,5,51
2017,10,40,la_cuisine,1,52
2017,10,40,luggage_accessories,16,53
2017,10,40,market_place,1,54
2017,10,40,musical_instruments,2,56
2017,10,40,office_furniture,19,57
2017,10,40,perfumery,33,59
2017,10,40,pet_shop,20,60
2017,10,40,signaling_and_security,3,62
2017,10,40,small_appliances,6,63
2017,10,40,sports_leisure,116,65
2017,10,40,stationery,16,66
2017,10,40,tablets_printing_image,1,67
2017,10,40,telephony,48,68
2017,10,40,toys,86,69
2017,10,40,watches_gifts,54,70
2017,10,41,agro_industry_and_commerce,1,0
2017,10,41,air_conditioning,4,1
2017,10,41,art,1,2
2017,10,41,audio,8,4
2017,10,41,auto,41,5
2017,10,41,baby,39,6
2017,10,41,bed_bath_table,120,7
2017,10,41,books_general_interest,2,8
2017,10,41,christmas_supplies,2,12
2017,10,41,computers,6,14
2017,10,41,computers_accessories,71,15
2017,10,41,consoles_games,28,16
2017,10,41,construction_tools_construction,7,17
2017,10,41,construction_tools_lights,1,18
2017,10,41,cool_stuff,61,20
2017,10,41,costruction_tools_garden,1,21
2017,10,41,costruction_tools_tools,2,22
2017,10,41,drinks,2,24
2017,10,41,dvds_blu_ray,1,25
2017,10,41,electronics,10,26
2017,10,41,fashion_bags_accessories,27,28
2017,10,41,fashion_male_clothing,3,30
2017,10,41,fashion_shoes,3,31
2017,10,41,fashion_sport,1,32
2017,10,41,fixed_telephony,2,34
2017,10,41,food,1,36
2017,10,41,food_drink,2,37
2017,10,41,furniture_bedroom,1,38
2017,10,41,furniture_decor,76,39
2017,10,41,furniture_living_room,5,40
2017,10,41,garden_tools,45,42
2017,10,41,health_beauty,68,43
2017,10,41,home_appliances,1,44
2017,10,41,home_appliances_2,1,45
2017,10,41,home_confort,9,47
2017,10,41,home_construction,7,48
2017,10,41,housewares,59,49
2017,10,41,industry_commerce_and_business,2,50
2017,10,41,luggage_accessories,11,53
2017,10,41,market_place,5,54
2017,10,41,musical_instruments,4,56
2017,10,41,office_furniture,21,57
2017,10,41,party_supplies,1,58
2017,10,41,perfumery,44,59
2017,10,41,pet_shop,14,60
2017,10,41,signaling_and_security,1,62
2017,10,41,small_appliances,11,63
2017,10,41,sports_leisure,105,65
2017,10,41,stationery,15,66
2017,10,41,telephony,57,68
2017,10,41,toys,71,69
2017,10,41,watches_gifts,64,70
2017,10,42,agro_industry_and_commerce,1,0
2017,10,42,air_conditioning,4,1
2017,10,42,audio,9,4
2017,10,42,auto,38,5
2017,10,42,baby,35,6
2017,10,42,bed_bath_table,140,7
2017,10,42,books_general_interest,2,8
2017,10,42,books_technical,1,10
2017,10,42,christmas_supplies,1,12
2017,10,42,cine_photo,1,13
2017,10,42,computers,3,14
2017,10,42,computers_accessories,70,15
2017,10,42,consoles_games,27,16
2017,10,42,construction_tools_construction,1,17
2017,10,42,construction_tools_safety,3,19
2017,10,42,cool_stuff,62,20
2017,10,42,costruction_tools_garden,3,21
2017,10,42,costruction_tools_tools,1,22
2017,10,42,drinks,5,24
2017,10,42,electronics,15,26
2017,10,42,fashion_bags_accessories,27,28
2017,10,42,fashion_shoes,9,31
2017,10,42,fixed_telephony,3,34
2017,10,42,food,1,36
2017,10,42,food_drink,6,37
2017,10,42,furniture_decor,100,39
2017,10,42,furniture_living_room,8,40
2017,10,42,garden_tools,57,42
2017,10,42,health_beauty,102,43
2017,10,42,home_appliances,3,44
2017,10,42,home_appliances_2,3,45
2017,10,42,home_comfort_2,2,46
2017,10,42,home_confort,9,47
2017,10,42,home_construction,2,48
2017,10,42,housewares,60,49
2017,10,42,industry_commerce_and_business,1,50
2017,10,42,kitchen_dining_laundry_garden_furniture,4,51
2017,10,42,luggage_accessories,14,53
2017,10,42,market_place,1,54
2017,10,42,music,1,55
2017,10,42,musical_instruments,10,56
2017,10,42,office_furniture,21,57
2017,10,42,perfumery,48,59
2017,10,42,pet_shop,20,60
2017,10,42,signaling_and_security,4,62
2017,10,42,small_appliances,7,63
2017,10,42,sports_leisure,110,65
2017,10,42,stationery,24,66
2017,10,42,telephony,71,68
2017,10,42,toys,52,69
2017,10,42,watches_gifts,99,70
2017,10,43,agro_industry_and_commerce,2,0
2017,10,43,audio,7,4
2017,10,43,auto,27,5
2017,10,43,baby,20,6
2017,10,43,bed_bath_table,132,7
2017,10,43,books_technical,2,10
2017,10,43,cds_dvds_musicals,1,11
2017,10,43,christmas_supplies,1,12
2017,10,43,computers,6,14
2017,10,43,computers_accessories,72,15
2017,10,43,consoles_games,23,16
2017,10,43,construction_tools_safety,1,19
2017,10,43,cool_stuff,57,20
2017,10,43,costruction_tools_garden,3,21
2017,10,43,drinks,2,24
2017,10,43,dvds_blu_ray,2,25
2017,10,43,electronics,13,26
2017,10,43,fashion_bags_accessories,28,28
2017,10,43,fashion_shoes,2,31
2017,10,43,fashion_underwear_beach,1,33
2017,10,43,food,7,36
2017,10,43,food_drink,4,37
2017,10,43,furniture_decor,95,39
2017,10,43,furniture_living_room,1,40
2017,10,43,garden_tools,62,42
2017,10,43,health_beauty,83,43
2017,10,43,home_appliances,1,44
2017,10,43,home_appliances_2,3,45
2017,10,43,home_comfort_2,3,46
2017,10,43,home_construction,4,48
2017,10,43,housewares,46,49
2017,10,43,kitchen_dining_laundry_garden_furniture,6,51
2017,10,43,luggage_accessories,13,53
2017,10,43,market_place,4,54
2017,10,43,musical_instruments,3,56
2017,10,43,office_furniture,29,57
2017,10,43,party_supplies,1,58
2017,10,43,perfumery,44,59
2017,10,43,pet_shop,14,60
2017,10,43,signaling_and_security,1,62
2017,10,43,small_appliances,6,63
2017,10,43,sports_leisure,87,65
2017,10,43,stationery,24,66
2017,10,43,telephony,49,68
2017,10,43,toys,51,69
2017,10,43,watches_gifts,70,70
2017,10,44,audio,2,4
2017,10,44,auto,5,5
2017,10,44,baby,10,6
2017,10,44,bed_bath_table,34,7
2017,10,44,books_general_interest,2,8
2017,10,44,books_technical,1,10
2017,10,44,christmas_supplies,6,12
2017,10,44,computers,5,14
2017,10,44,computers_accessories,30,15
2017,10,44,consoles_games,12,16
2017,10,44,construction_tools_construction,6,17
2017,10,44,construction_tools_lights,1,18
2017,10,44,cool_stuff,17,20
2017,10,44,drinks,2,24
2017,10,44,electronics,14,26
2017,10,44,fashion_bags_accessories,2,28
2017,10,44,fashion_male_clothing,3,30
2017,10,44,fashion_shoes,3,31
2017,10,44,fashion_underwear_beach,1,33
2017,10,44,food,1,36
2017,10,44,furniture_decor,29,39
2017,10,44,garden_tools,24,42
2017,10,44,health_beauty,16,43
2017,10,44,home_appliances_2,1,45
2017,10,44,home_confort,2,47
2017,10,44,housewares,13,49
2017,10,44,industry_commerce_and_business,1,50
2017,10,44,kitchen_dining_laundry_garden_furniture,1,51
2017,10,44,luggage_accessories,2,53
2017,10,44,office_furniture,10,57
2017,10,44,perfumery,12,59
2017,10,44,pet_shop,3,60
2017,10,44,small_appliances,2,63
2017,10,44,sports_leisure,30,65
2017,10,44,stationery,11,66
2017,10,44,telephony,14,68
2017,10,44,toys,10,69
2017,10,44,watches_gifts,13,70
2017,11,44,air_conditioning,2,1
2017,11,44,audio,2,4
2017,11,44,auto,17,5
2017,11,44,baby,21,6
2017,11,44,bed_bath_table,92,7
2017,11,44,books_general_interest,3,8
2017,11,44,books_imported,2,9
2017,11,44,cds_dvds_musicals,2,11
2017,11,44,christmas_supplies,1,12
2017,11,44,computers,5,14
2017,11,44,computers_accessories,37,15
2017,11,44,consoles_games,15,16
2017,11,44,construction_tools_construction,1,17
2017,11,44,construction_tools_lights,1,18
2017,11,44,construction_tools_safety,2,19
2017,11,44,cool_stuff,41,20
2017,11,44,costruction_tools_garden,1,21
2017,11,44,costruction_tools_tools,3,22
2017,11,44,dvds_blu_ray,1,25
2017,11,44,electronics,8,26
2017,11,44,fashion_bags_accessories,15,28
2017,11,44,fashion_male_clothing,5,30
2017,11,44,fashion_shoes,3,31
2017,11,44,food_drink,7,37
2017,11,44,furniture_decor,41,39
2017,11,44,furniture_living_room,4,40
2017,11,44,garden_tools,47,42
2017,11,44,health_beauty,48,43
2017,11,44,home_appliances_2,1,45
2017,11,44,home_confort,6,47
2017,11,44,home_construction,1,48
2017,11,44,housewares,39,49
2017,11,44,kitchen_dining_laundry_garden_furniture,1,51
2017,11,44,luggage_accessories,10,53
2017,11,44,market_place,4,54
2017,11,44,musical_instruments,4,56
2017,11,44,office_furniture,25,57
2017,11,44,perfumery,16,59
2017,11,44,pet_shop,5,60
2017,11,44,small_appliances,1,63
2017,11,44,sports_leisure,64,65
2017,11,44,stationery,14,66
2017,11,44,tablets_printing_image,1,67
2017,11,44,telephony,28,68
2017,11,44,toys,25,69
2017,11,44,watches_gifts,47,70
2017,11,45,agro_industry_and_commerce,2,0
2017,11,45,air_conditioning,3,1
2017,11,45,audio,7,4
2017,11,45,auto,46,5
2017,11,45,baby,37,6
2017,11,45,bed_bath_table,150,7
2017,11,45,books_general_interest,4,8
2017,11,45,christmas_supplies,4,12
2017,11,45,computers,2,14
2017,11,45,computers_accessories,81,15
2017,11,45,consoles_games,15,16
2017,11,45,construction_tools_construction,5,17
2017,11,45,construction_tools_lights,1,18
2017,11,45,construction_tools_safety,3,19
2017,11,45,cool_stuff,63,20
2017,11,45,costruction_tools_garden,3,21
2017,11,45,drinks,1,24
2017,11,45,electronics,25,26
2017,11,45,fashion_bags_accessories,27,28
2017,11,45,fashion_male_clothing,1,30
2017,11,45,fashion_shoes,2,31
2017,11,45,fashion_underwear_beach,1,33
2017,11,45,flowers,3,35
2017,11,45,food,5,36
2017,11,45,furniture_bedroom,1,38
2017,11,45,furniture_decor,114,39
2017,11,45,furniture_living_room,3,40
2017,11,45,garden_tools,72,42
2017,11,45,health_beauty,85,43
2017,11,45,home_appliances,1,44
2017,11,45,home_appliances_2,1,45
2017,11,45,home_comfort_2,1,46
2017,11,45,home_confort,3,47
2017,11,45,home_construction,3,48
2017,11,45,housewares,62,49
2017,11,45,industry_commerce_and_business,3,50
2017,11,45,kitchen_dining_laundry_garden_furniture,8,51
2017,11,45,luggage_accessories,14,53
2017,11,45,market_place,1,54
2017,11,45,musical_instruments,8,56
2017,11,45,office_furniture,18,57
2017,11,45,perfumery,36,59
2017,11,45,pet_shop,17,60
2017,11,45,signaling_and_security,4,62
2017,11,45,small_appliances,2,63
2017,11,45,sports_leisure,101,65
2017,11,45,stationery,35,66
2017,11,45,telephony,65,68
2017,11,45,toys,56,69
2017,11,45,watches_gifts,98,70
2017,11,46,agro_industry_and_commerce,4,0
2017,11,46,air_conditioning,6,1
2017,11,46,audio,6,4
2017,11,46,auto,41,5
2017,11,46,baby,48,6
2017,11,46,bed_bath_table,136,7
2017,11,46,books_general_interest,6,8
2017,11,46,cds_dvds_musicals,1,11
2017,11,46,christmas_supplies,6,12
2017,11,46,computers_accessories,94,15
2017,11,46,consoles_games,14,16
2017,11,46,construction_tools_construction,11,17
2017,11,46,construction_tools_lights,2,18
2017,11,46,construction_tools_safety,3,19
2017,11,46,cool_stuff,57,20
2017,11,46,costruction_tools_garden,7,21
2017,11,46,drinks,12,24
2017,11,46,electronics,25,26
2017,11,46,fashion_bags_accessories,33,28
2017,11,46,fashion_male_clothing,1,30
2017,11,46,fashion_shoes,1,31
2017,11,46,fashion_sport,1,32
2017,11,46,fashion_underwear_beach,2,33
2017,11,46,flowers,3,35
2017,11,46,food,1,36
2017,11,46,food_drink,6,37
2017,11,46,furniture_bedroom,1,38
2017,11,46,furniture_decor,139,39
2017,11,46,furniture_living_room,3,40
2017,11,46,furniture_mattress_and_upholstery,1,41
2017,11,46,garden_tools,84,42
2017,11,46,health_beauty,85,43
2017,11,46,home_appliances,1,44
2017,11,46,home_appliances_2,4,45
2017,11,46,home_confort,6,47
2017,11,46,home_construction,8,48
2017,11,46,housewares,68,49
2017,11,46,industry_commerce_and_business,1,50
2017,11,46,kitchen_dining_laundry_garden_furniture,4,51
2017,11,46,luggage_accessories,20,53
2017,11,46,market_place,4,54
2017,11,46,musical_instruments,5,56
2017,11,46,office_furniture,30,57
2017,11,46,party_supplies,2,58
2017,11,46,perfumery,57,59
2017,11,46,pet_shop,18,60
2017,11,46,small_appliances,6,63
2017,11,46,sports_leisure,94,65
2017,11,46,stationery,41,66
2017,11,46,tablets_printing_image,1,67
2017,11,46,telephony,52,68
2017,11,46,toys,74,69
2017,11,46,watches_gifts,94,70
2017,11,47,agro_industry_and_commerce,11,0
2017,11,47,air_conditioning,5,1
2017,11,47,audio,14,4
2017,11,47,auto,103,5
2017,11,47,baby,65,6
2017,11,47,bed_bath_table,430,7
2017,11,47,books_general_interest,13,8
2017,11,47,books_imported,1,9
2017,11,47,books_technical,4,10
2017,11,47,christmas_supplies,5,12
2017,11,47,cine_photo,1,13
2017,11,47,computers_accessories,198,15
2017,11,47,consoles_games,68,16
2017,11,47,construction_tools_construction,19,17
2017,11,47,construction_tools_lights,4,18
2017,11,47,construction_tools_safety,5,19
2017,11,47,cool_stuff,91,20
2017,11,47,costruction_tools_garden,4,21
2017,11,47,drinks,3,24
2017,11,47,electronics,63,26
2017,11,47,fashio_female_clothing,1,27
2017,11,47,fashion_bags_accessories,88,28
2017,11,47,fashion_male_clothing,1,30
2017,11,47,fashion_shoes,10,31
2017,11,47,fashion_underwear_beach,1,33
2017,11,47,fixed_telephony,4,34
2017,11,47,food,5,36
2017,11,47,food_drink,13,37
2017,11,47,furniture_bedroom,1,38
2017,11,47,furniture_decor,351,39
2017,11,47,furniture_living_room,15,40
2017,11,47,garden_tools,268,42
2017,11,47,health_beauty,238,43
2017,11,47,home_appliances,10,44
2017,11,47,home_appliances_2,4,45
2017,11,47,home_comfort_2,2,46
2017,11,47,home_confort,18,47
2017,11,47,home_construction,19,48
2017,11,47,housewares,167,49
2017,11,47,kitchen_dining_laundry_garden_furniture,16,51
2017,11,47,luggage_accessories,19,53
2017,11,47,market_place,6,54
2017,11,47,musical_instruments,19,56
2017,11,47,office_furniture,13,57
2017,11,47,perfumery,130,59
2017,11,47,pet_shop,36,60
2017,11,47,small_appliances,15,63
2017,11,47,sports_leisure,222,65
2017,11,47,stationery,50,66
2017,11,47,tablets_printing_image,4,67
2017,11,47,telephony,159,68
2017,11,47,toys,204,69
2017,11,47,watches_gifts,163,70
2017,11,48,agro_industry_and_commerce,2,0
2017,11,48,air_conditioning,3,1
2017,11,48,art,1,2
2017,11,48,audio,7,4
2017,11,48,auto,53,5
2017,11,48,baby,26,6
2017,11,48,bed_bath_table,153,7
2017,11,48,books_general_interest,11,8
2017,11,48,books_technical,2,10
2017,11,48,christmas_supplies,6,12
2017,11,48,computers_accessories,102,15
2017,11,48,consoles_games,16,16
2017,11,48,construction_tools_construction,11,17
2017,11,48,construction_tools_lights,2,18
2017,11,48,construction_tools_safety,1,19
2017,11,48,cool_stuff,45,20
2017,11,48,costruction_tools_garden,2,21
2017,11,48,costruction_tools_tools,2,22
2017,11,48,drinks,2,24
2017,11,48,dvds_blu_ray,2,25
2017,11,48,electronics,61,26
2017,11,48,fashio_female_clothing,1,27
2017,11,48,fashion_bags_accessories,30,28
2017,11,48,fashion_male_clothing,3,30
2017,11,48,fashion_shoes,3,31
2017,11,48,fashion_underwear_beach,6,33
2017,11,48,fixed_telephony,1,34
2017,11,48,food,3,36
2017,11,48,food_drink,7,37
2017,11,48,furniture_decor,122,39
2017,11,48,furniture_living_room,14,40
2017,11,48,furniture_mattress_and_upholstery,1,41
2017,11,48,garden_tools,76,42
2017,11,48,health_beauty,117,43
2017,11,48,home_appliances,13,44
2017,11,48,home_appliances_2,3,45
2017,11,48,home_confort,12,47
2017,11,48,home_construction,7,48
2017,11,48,housewares,76,49
2017,11,48,industry_commerce_and_business,2,50
2017,11,48,kitchen_dining_laundry_garden_furniture,4,51
2017,11,48,la_cuisine,1,52
2017,11,48,luggage_accessories,7,53
2017,11,48,market_place,1,54
2017,11,48,musical_instruments,6,56
2017,11,48,office_furniture,15,57
2017,11,48,party_supplies,1,58
2017,11,48,perfumery,65,59
2017,11,48,pet_shop,21,60
2017,11,48,signaling_and_security,1,62
2017,11,48,small_appliances,4,63
2017,11,48,sports_leisure,116,65
2017,11,48,stationery,23,66
2017,11,48,telephony,67,68
2017,11,48,toys,126,69
2017,11,48,watches_gifts,61,70
2017,12,48,agro_industry_and_commerce,1,0
2017,12,48,air_conditioning,1,1
2017,12,48,auto,27,5
2017,12,48,baby,16,6
2017,12,48,bed_bath_table,83,7
2017,12,48,books_general_interest,2,8
2017,12,48,books_technical,1,10
2017,12,48,computers_accessories,36,15
2017,12,48,consoles_games,8,16
2017,12,48,construction_tools_construction,6,17
2017,12,48,construction_tools_safety,1,19
2017,12,48,cool_stuff,27,20
2017,12,48,costruction_tools_tools,1,22
2017,12,48,drinks,3,24
2017,12,48,electronics,22,26
2017,12,48,fashion_bags_accessories,19,28
2017,12,48,fashion_shoes,1,31
2017,12,48,fashion_underwear_beach,1,33
2017,12,48,fixed_telephony,1,34
2017,12,48,flowers,1,35
2017,12,48,food,1,36
2017,12,48,food_drink,2,37
2017,12,48,furniture_decor,54,39
2017,12,48,furniture_living_room,8,40
2017,12,48,furniture_mattress_and_upholstery,1,41
2017,12,48,garden_tools,21,42
2017,12,48,health_beauty,66,43
2017,12,48,home_appliances,5,44
2017,12,48,home_appliances_2,1,45
2017,12,48,home_confort,4,47
2017,12,48,home_construction,6,48
2017,12,48,housewares,37,49
2017,12,48,kitchen_dining_laundry_garden_furniture,2,51
2017,12,48,luggage_accessories,4,53
2017,12,48,musical_instruments,5,56
2017,12,48,office_furniture,7,57
2017,12,48,perfumery,28,59
2017,12,48,pet_shop,11,60
2017,12,48,small_appliances,6,63
2017,12,48,sports_leisure,63,65
2017,12,48,stationery,34,66
2017,12,48,tablets_printing_image,1,67
2017,12,48,telephony,29,68
2017,12,48,toys,83,69
2017,12,48,watches_gifts,52,70
2017,12,49,agro_industry_and_commerce,4,0
2017,12,49,air_conditioning,2,1
2017,12,49,art,1,2
2017,12,49,audio,1,4
2017,12,49,auto,85,5
2017,12,49,baby,47,6
2017,12,49,bed_bath_table,137,7
2017,12,49,books_general_interest,12,8
2017,12,49,books_imported,1,9
2017,12,49,books_technical,2,10
2017,12,49,christmas_supplies,4,12
2017,12,49,computers,6,14
2017,12,49,computers_accessories,88,15
2017,12,49,consoles_games,17,16
2017,12,49,construction_tools_construction,6,17
2017,12,49,construction_tools_lights,1,18
2017,12,49,construction_tools_safety,2,19
2017,12,49,cool_stuff,88,20
2017,12,49,costruction_tools_garden,3,21
2017,12,49,diapers_and_hygiene,2,23
2017,12,49,drinks,6,24
2017,12,49,electronics,64,26
2017,12,49,fashion_bags_accessories,31,28
2017,12,49,fashion_male_clothing,2,30
2017,12,49,fashion_shoes,1,31
2017,12,49,fashion_underwear_beach,4,33
2017,12,49,fixed_telephony,1,34
2017,12,49,flowers,1,35
2017,12,49,food,4,36
2017,12,49,food_drink,8,37
2017,12,49,furniture_decor,106,39
2017,12,49,furniture_living_room,6,40
2017,12,49,furniture_mattress_and_upholstery,1,41
2017,12,49,garden_tools,106,42
2017,12,49,health_beauty,137,43
2017,12,49,home_appliances,7,44
2017,12,49,home_appliances_2,3,45
2017,12,49,home_confort,3,47
2017,12,49,home_construction,11,48
2017,12,49,housewares,87,49
2017,12,49,industry_commerce_and_business,1,50
2017,12,49,kitchen_dining_laundry_garden_furniture,4,51
2017,12,49,luggage_accessories,19,53
2017,12,49,market_place,5,54
2017,12,49,musical_instruments,11,56
2017,12,49,office_furniture,20,57
2017,12,49,party_supplies,1,58
2017,12,49,perfumery,74,59
2017,12,49,pet_shop,21,60
2017,12,49,small_appliances,9,63
2017,12,49,sports_leisure,159,65
2017,12,49,stationery,51,66
2017,12,49,tablets_printing_image,3,67
2017,12,49,telephony,72,68
2017,12,49,toys,172,69
2017,12,49,watches_gifts,79,70
2017,12,50,art,1,2
2017,12,50,audio,8,4
2017,12,50,auto,85,5
2017,12,50,baby,33,6
2017,12,50,bed_bath_table,122,7
2017,12,50,books_general_interest,10,8
2017,12,50,books_imported,1,9
2017,12,50,books_technical,1,10
2017,12,50,christmas_supplies,3,12
2017,12,50,computers,8,14
2017,12,50,computers_accessories,56,15
2017,12,50,consoles_games,29,16
2017,12,50,construction_tools_construction,8,17
2017,12,50,construction_tools_safety,1,19
2017,12,50,cool_stuff,64,20
2017,12,50,costruction_tools_tools,3,22
2017,12,50,drinks,8,24
2017,12,50,dvds_blu_ray,1,25
2017,12,50,electronics,50,26
2017,12,50,fashion_bags_accessories,35,28
2017,12,50,fashion_male_clothing,1,30
2017,12,50,fashion_shoes,6,31
2017,12,50,fashion_sport,1,32
2017,12,50,fashion_underwear_beach,3,33
2017,12,50,fixed_telephony,1,34
2017,12,50,food,1,36
2017,12,50,food_drink,8,37
2017,12,50,furniture_decor,86,39
2017,12,50,furniture_living_room,5,40
2017,12,50,furniture_mattress_and_upholstery,2,41
2017,12,50,garden_tools,77,42
2017,12,50,health_beauty,118,43
2017,12,50,home_appliances_2,2,45
2017,12,50,home_confort,5,47
2017,12,50,home_construction,13,48
2017,12,50,housewares,67,49
2017,12,50,industry_commerce_and_business,3,50
2017,12,50,kitchen_dining_laundry_garden_furniture,3,51
2017,12,50,luggage_accessories,6,53
2017,12,50,market_place,3,54
2017,12,50,musical_instruments,13,56
2017,12,50,office_furniture,13,57
2017,12,50,party_supplies,1,58
2017,12,50,perfumery,66,59
2017,12,50,pet_shop,17,60
2017,12,50,signaling_and_security,1,62
2017,12,50,small_appliances,7,63
2017,12,50,sports_leisure,128,65
2017,12,50,stationery,62,66
2017,12,50,tablets_printing_image,2,67
2017,12,50,telephony,50,68
2017,12,50,toys,105,69
2017,12,50,watches_gifts,108,70
2017,12,51,agro_industry_and_commerce,3,0
2017,12,51,art,1,2
2017,12,51,audio,4,4
2017,12,51,auto,46,5
2017,12,51,baby,29,6
2017,12,51,bed_bath_table,105,7
2017,12,51,books_general_interest,9,8
2017,12,51,books_imported,1,9
2017,12,51,cds_dvds_musicals,1,11
2017,12,51,christmas_supplies,5,12
2017,12,51,computers,3,14
2017,12,51,computers_accessories,66,15
2017,12,51,consoles_games,16,16
2017,12,51,construction_tools_construction,2,17
2017,12,51,construction_tools_safety,3,19
2017,12,51,cool_stuff,31,20
2017,12,51,costruction_tools_garden,3,21
2017,12,51,drinks,10,24
2017,12,51,electronics,37,26
2017,12,51,fashion_bags_accessories,21,28
2017,12,51,fashion_male_clothing,1,30
2017,12,51,fashion_shoes,3,31
2017,12,51,fashion_underwear_beach,2,33
2017,12,51,fixed_telephony,1,34
2017,12,51,food,2,36
2017,12,51,food_drink,1,37
2017,12,51,furniture_decor,66,39
2017,12,51,furniture_living_room,1,40
2017,12,51,furniture_mattress_and_upholstery,4,41
2017,12,51,garden_tools,47,42
2017,12,51,health_beauty,81,43
2017,12,51,home_appliances,1,44
2017,12,51,home_appliances_2,2,45
2017,12,51,home_confort,1,47
2017,12,51,home_construction,4,48
2017,12,51,housewares,64,49
2017,12,51,industry_commerce_and_business,2,50
2017,12,51,kitchen_dining_laundry_garden_furniture,7,51
2017,12,51,luggage_accessories,4,53
2017,12,51,market_place,5,54
2017,12,51,musical_instruments,7,56
2017,12,51,office_furniture,4,57
2017,12,51,perfumery,35,59
2017,12,51,pet_shop,10,60
2017,12,51,small_appliances,3,63
2017,12,51,sports_leisure,83,65
2017,12,51,stationery,54,66
2017,12,51,telephony,52,68
2017,12,51,toys,41,69
2017,12,51,watches_gifts,65,70
2017,12,52,agro_industry_and_commerce,3,0
2017,12,52,audio,4,4
2017,12,52,auto,20,5
2017,12,52,baby,14,6
2017,12,52,bed_bath_table,99,7
2017,12,52,books_general_interest,8,8
2017,12,52,christmas_supplies,4,12
2017,12,52,computers,6,14
2017,12,52,computers_accessories,38,15
2017,12,52,consoles_games,22,16
2017,12,52,construction_tools_construction,5,17
2017,12,52,construction_tools_lights,1,18
2017,12,52,cool_stuff,38,20
2017,12,52,costruction_tools_tools,2,22
2017,12,52,drinks,7,24
2017,12,52,electronics,36,26
2017,12,52,fashion_bags_accessories,28,28
2017,12,52,fashion_shoes,2,31
2017,12,52,fashion_underwear_beach,3,33
2017,12,52,fixed_telephony,1,34
2017,12,52,food,5,36
2017,12,52,food_drink,2,37
2017,12,52,furniture_bedroom,1,38
2017,12,52,furniture_decor,66,39
2017,12,52,garden_tools,72,42
2017,12,52,health_beauty,58,43
2017,12,52,home_appliances,3,44
2017,12,52,home_confort,1,47
2017,12,52,home_construction,4,48
2017,12,52,housewares,33,49
2017,12,52,industry_commerce_and_business,3,50
2017,12,52,kitchen_dining_laundry_garden_furniture,4,51
2017,12,52,luggage_accessories,13,53
2017,12,52,market_place,1,54
2017,12,52,musical_instruments,6,56
2017,12,52,office_furniture,4,57
2017,12,52,perfumery,30,59
2017,12,52,pet_shop,13,60
2017,12,52,signaling_and_security,1,62
2017,12,52,small_appliances,2,63
2017,12,52,sports_leisure,51,65
2017,12,52,stationery,47,66
2017,12,52,telephony,57,68
2017,12,52,toys,35,69
2017,12,52,watches_gifts,49,70
2018,1,1,agro_industry_and_commerce,4,0
2018,1,1,air_conditioning,2,1
2018,1,1,art,3,2
2018,1,1,audio,2,4
2018,1,1,auto,54,5
2018,1,1,baby,47,6
2018,1,1,bed_bath_table,158,7
2018,1,1,books_general_interest,9,8
2018,1,1,books_technical,1,10
2018,1,1,christmas_supplies,2,12
2018,1,1,cine_photo,1,13
2018,1,1,computers,5,14
2018,1,1,computers_accessories,82,15
2018,1,1,consoles_games,18,16
2018,1,1,construction_tools_construction,13,17
2018,1,1,cool_stuff,63,20
2018,1,1,costruction_tools_garden,5,21
2018,1,1,drinks,16,24
2018,1,1,dvds_blu_ray,1,25
2018,1,1,electronics,84,26
2018,1,1,fashion_bags_accessories,29,28
2018,1,1,fashion_male_clothing,3,30
2018,1,1,fashion_sport,1,32
2018,1,1,fashion_underwear_beach,1,33
2018,1,1,fixed_telephony,2,34
2018,1,1,flowers,2,35
2018,1,1,food,3,36
2018,1,1,food_drink,3,37
2018,1,1,furniture_bedroom,2,38
2018,1,1,furniture_decor,142,39
2018,1,1,furniture_living_room,2,40
2018,1,1,furniture_mattress_and_upholstery,1,41
2018,1,1,garden_tools,36,42
2018,1,1,health_beauty,108,43
2018,1,1,home_appliances,5,44
2018,1,1,home_appliances_2,3,45
2018,1,1,home_confort,5,47
2018,1,1,home_construction,4,48
2018,1,1,housewares,57,49
2018,1,1,industry_commerce_and_business,6,50
2018,1,1,kitchen_dining_laundry_garden_furniture,4,51
2018,1,1,la_cuisine,1,52
2018,1,1,luggage_accessories,13,53
2018,1,1,market_place,2,54
2018,1,1,musical_instruments,12,56
2018,1,1,office_furniture,22,57
2018,1,1,perfumery,39,59
2018,1,1,pet_shop,21,60
2018,1,1,signaling_and_security,2,62
2018,1,1,small_appliances,13,63
2018,1,1,sports_leisure,98,65
2018,1,1,stationery,107,66
2018,1,1,telephony,65,68
2018,1,1,toys,44,69
2018,1,1,watches_gifts,60,70
2018,1,2,agro_industry_and_commerce,4,0
2018,1,2,air_conditioning,5,1
2018,1,2,art,2,2
2018,1,2,audio,6,4
2018,1,2,auto,49,5
2018,1,2,baby,61,6
2018,1,2,bed_bath_table,189,7
2018,1,2,books_general_interest,14,8
2018,1,2,books_imported,2,9
2018,1,2,books_technical,1,10
2018,1,2,christmas_supplies,2,12
2018,1,2,computers,4,14
2018,1,2,computers_accessories,174,15
2018,1,2,consoles_games,11,16
2018,1,2,construction_tools_construction,8,17
2018,1,2,construction_tools_lights,2,18
2018,1,2,construction_tools_safety,6,19
2018,1,2,cool_stuff,76,20
2018,1,2,costruction_tools_garden,8,21
2018,1,2,costruction_tools_tools,2,22
2018,1,2,drinks,18,24
2018,1,2,electronics,80,26
2018,1,2,fashion_bags_accessories,32,28
2018,1,2,fashion_male_clothing,1,30
2018,1,2,fashion_shoes,1,31
2018,1,2,fashion_sport,1,32
2018,1,2,fashion_underwear_beach,3,33
2018,1,2,fixed_telephony,2,34
2018,1,2,flowers,4,35
2018,1,2,food,3,36
2018,1,2,food_drink,3,37
2018,1,2,furniture_bedroom,2,38
2018,1,2,furniture_decor,148,39
2018,1,2,furniture_living_room,6,40
2018,1,2,furniture_mattress_and_upholstery,3,41
2018,1,2,garden_tools,58,42
2018,1,2,health_beauty,153,43
2018,1,2,home_appliances,9,44
2018,1,2,home_appliances_2,3,45
2018,1,2,home_confort,4,47
2018,1,2,home_construction,13,48
2018,1,2,housewares,81,49
2018,1,2,industry_commerce_and_business,6,50
2018,1,2,kitchen_dining_laundry_garden_furniture,3,51
2018,1,2,luggage_accessories,28,53
2018,1,2,market_place,3,54
2018,1,2,music,1,55
2018,1,2,musical_instruments,16,56
2018,1,2,office_furniture,31,57
2018,1,2,perfumery,51,59
2018,1,2,pet_shop,27,60
2018,1,2,signaling_and_security,1,62
2018,1,2,small_appliances,11,63
2018,1,2,small_appliances_home_oven_and_coffee,1,64
2018,1,2,sports_leisure,162,65
2018,1,2,stationery,129,66
2018,1,2,tablets_printing_image,1,67
2018,1,2,telephony,82,68
2018,1,2,toys,40,69
2018,1,2,watches_gifts,77,70
2018,1,3,agro_industry_and_commerce,6,0
2018,1,3,air_conditioning,7,1
2018,1,3,art,9,2
2018,1,3,audio,6,4
2018,1,3,auto,81,5
2018,1,3,baby,46,6
2018,1,3,bed_bath_table,179,7
2018,1,3,books_general_interest,8,8
2018,1,3,books_imported,2,9
2018,1,3,books_technical,3,10
2018,1,3,christmas_supplies,1,12
2018,1,3,cine_photo,1,13
2018,1,3,computers,1,14
2018,1,3,computers_accessories,147,15
2018,1,3,consoles_games,14,16
2018,1,3,construction_tools_construction,9,17
2018,1,3,construction_tools_lights,4,18
2018,1,3,construction_tools_safety,2,19
2018,1,3,cool_stuff,82,20
2018,1,3,costruction_tools_garden,7,21
2018,1,3,costruction_tools_tools,1,22
2018,1,3,drinks,2,24
2018,1,3,electronics,86,26
2018,1,3,fashio_female_clothing,1,27
2018,1,3,fashion_bags_accessories,33,28
2018,1,3,fashion_shoes,3,31
2018,1,3,fashion_underwear_beach,2,33
2018,1,3,fixed_telephony,5,34
2018,1,3,flowers,4,35
2018,1,3,food,3,36
2018,1,3,food_drink,3,37
2018,1,3,furniture_bedroom,1,38
2018,1,3,furniture_decor,169,39
2018,1,3,furniture_living_room,7,40
2018,1,3,furniture_mattress_and_upholstery,4,41
2018,1,3,garden_tools,52,42
2018,1,3,health_beauty,158,43
2018,1,3,home_appliances,9,44
2018,1,3,home_appliances_2,1,45
2018,1,3,home_confort,4,47
2018,1,3,home_construction,10,48
2018,1,3,housewares,82,49
2018,1,3,industry_commerce_and_business,3,50
2018,1,3,kitchen_dining_laundry_garden_furniture,3,51
2018,1,3,luggage_accessories,43,53
2018,1,3,market_place,5,54
2018,1,3,musical_instruments,7,56
2018,1,3,office_furniture,32,57
2018,1,3,party_supplies,1,58
2018,1,3,perfumery,49,59
2018,1,3,pet_shop,19,60
2018,1,3,signaling_and_security,4,62
2018,1,3,small_appliances,8,63
2018,1,3,sports_leisure,147,65
2018,1,3,stationery,77,66
2018,1,3,tablets_printing_image,1,67
2018,1,3,telephony,90,68
2018,1,3,toys,32,69
2018,1,3,watches_gifts,78,70
2018,1,4,agro_industry_and_commerce,2,0
2018,1,4,air_conditioning,11,1
2018,1,4,art,2,2
2018,1,4,audio,8,4
2018,1,4,auto,53,5
2018,1,4,baby,56,6
2018,1,4,bed_bath_table,199,7
2018,1,4,books_general_interest,11,8
2018,1,4,books_technical,6,10
2018,1,4,christmas_supplies,2,12
2018,1,4,computers,1,14
2018,1,4,computers_accessories,170,15
2018,1,4,consoles_games,7,16
2018,1,4,construction_tools_construction,9,17
2018,1,4,construction_tools_safety,2,19
2018,1,4,cool_stuff,55,20
2018,1,4,costruction_tools_garden,4,21
2018,1,4,costruction_tools_tools,3,22
2018,1,4,diapers_and_hygiene,5,23
2018,1,4,drinks,8,24
2018,1,4,electronics,64,26
2018,1,4,fashio_female_clothing,1,27
2018,1,4,fashion_bags_accessories,21,28
2018,1,4,fashion_male_clothing,1,30
2018,1,4,fashion_shoes,2,31
2018,1,4,fixed_telephony,1,34
2018,1,4,food,9,36
2018,1,4,food_drink,2,37
2018,1,4,furniture_decor,102,39
2018,1,4,furniture_living_room,4,40
2018,1,4,furniture_mattress_and_upholstery,1,41
2018,1,4,garden_tools,66,42
2018,1,4,health_beauty,148,43
2018,1,4,home_appliances,2,44
2018,1,4,home_appliances_2,2,45
2018,1,4,home_confort,4,47
2018,1,4,home_construction,11,48
2018,1,4,housewares,89,49
2018,1,4,industry_commerce_and_business,3,50
2018,1,4,kitchen_dining_laundry_garden_furniture,6,51
2018,1,4,luggage_accessories,29,53
2018,1,4,market_place,1,54
2018,1,4,musical_instruments,14,56
2018,1,4,office_furniture,44,57
2018,1,4,party_supplies,1,58
2018,1,4,perfumery,62,59
2018,1,4,pet_shop,17,60
2018,1,4,signaling_and_security,1,62
2018,1,4,small_appliances,14,63
2018,1,4,sports_leisure,133,65
2018,1,4,stationery,51,66
2018,1,4,tablets_printing_image,1,67
2018,1,4,telephony,83,68
2018,1,4,toys,33,69
2018,1,4,watches_gifts,88,70
2018,1,5,agro_industry_and_commerce,2,0
2018,1,5,air_conditioning,4,1
2018,1,5,art,3,2
2018,1,5,audio,4,4
2018,1,5,auto,30,5
2018,1,5,baby,9,6
2018,1,5,bed_bath_table,111,7
2018,1,5,books_general_interest,2,8
2018,1,5,books_imported,2,9
2018,1,5,books_technical,6,10
2018,1,5,christmas_supplies,3,12
2018,1,5,computers_accessories,115,15
2018,1,5,consoles_games,1,16
2018,1,5,construction_tools_construction,9,17
2018,1,5,construction_tools_lights,1,18
2018,1,5,construction_tools_safety,1,19
2018,1,5,cool_stuff,20,20
2018,1,5,costruction_tools_tools,2,22
2018,1,5,drinks,6,24
2018,1,5,dvds_blu_ray,1,25
2018,1,5,electronics,34,26
2018,1,5,fashio_female_clothing,1,27
2018,1,5,fashion_bags_accessories,10,28
2018,1,5,fashion_male_clothing,1,30
2018,1,5,fashion_shoes,3,31
2018,1,5,fashion_underwear_beach,2,33
2018,1,5,food,1,36
2018,1,5,furniture_decor,34,39
2018,1,5,furniture_living_room,3,40
2018,1,5,garden_tools,24,42
2018,1,5,health_beauty,52,43
2018,1,5,home_appliances,2,44
2018,1,5,home_appliances_2,4,45
2018,1,5,home_confort,1,47
2018,1,5,home_construction,2,48
2018,1,5,housewares,42,49
2018,1,5,kitchen_dining_laundry_garden_furniture,5,51
2018,1,5,luggage_accessories,13,53
2018,1,5,market_place,3,54
2018,1,5,musical_instruments,2,56
2018,1,5,office_furniture,13,57
2018,1,5,perfumery,22,59
2018,1,5,pet_shop,5,60
2018,1,5,small_appliances,7,63
2018,1,5,sports_leisure,102,65
2018,1,5,stationery,21,66
2018,1,5,telephony,48,68
2018,1,5,toys,12,69
2018,1,5,watches_gifts,52,70
2018,2,5,agro_industry_and_commerce,4,0
2018,2,5,air_conditioning,1,1
2018,2,5,audio,4,4
2018,2,5,auto,43,5
2018,2,5,baby,13,6
2018,2,5,bed_bath_table,94,7
2018,2,5,books_general_interest,4,8
2018,2,5,books_imported,1,9
2018,2,5,books_technical,5,10
2018,2,5,christmas_supplies,3,12
2018,2,5,computers_accessories,99,15
2018,2,5,consoles_games,6,16
2018,2,5,construction_tools_construction,12,17
2018,2,5,construction_tools_lights,1,18
2018,2,5,construction_tools_safety,2,19
2018,2,5,cool_stuff,20,20
2018,2,5,costruction_tools_garden,4,21
2018,2,5,costruction_tools_tools,3,22
2018,2,5,drinks,3,24
2018,2,5,electronics,54,26
2018,2,5,fashion_bags_accessories,11,28
2018,2,5,fixed_telephony,2,34
2018,2,5,flowers,1,35
2018,2,5,food,8,36
2018,2,5,food_drink,1,37
2018,2,5,furniture_decor,45,39
2018,2,5,furniture_living_room,4,40
2018,2,5,garden_tools,35,42
2018,2,5,health_beauty,78,43
2018,2,5,home_appliances,7,44
2018,2,5,home_appliances_2,2,45
2018,2,5,home_confort,1,47
2018,2,5,home_construction,3,48
2018,2,5,housewares,37,49
2018,2,5,industry_commerce_and_business,6,50
2018,2,5,kitchen_dining_laundry_garden_furniture,6,51
2018,2,5,luggage_accessories,5,53
2018,2,5,market_place,1,54
2018,2,5,musical_instruments,9,56
2018,2,5,office_furniture,28,57
2018,2,5,perfumery,33,59
2018,2,5,pet_shop,11,60
2018,2,5,small_appliances,7,63
2018,2,5,sports_leisure,72,65
2018,2,5,stationery,24,66
2018,2,5,tablets_printing_image,2,67
2018,2,5,telephony,44,68
2018,2,5,toys,17,69
2018,2,5,watches_gifts,45,70
2018,2,6,agro_industry_and_commerce,8,0
2018,2,6,air_conditioning,1,1
2018,2,6,art,7,2
2018,2,6,audio,2,4
2018,2,6,auto,52,5
2018,2,6,baby,40,6
2018,2,6,bed_bath_table,200,7
2018,2,6,books_general_interest,6,8
2018,2,6,books_technical,3,10
2018,2,6,christmas_supplies,10,12
2018,2,6,computers_accessories,209,15
2018,2,6,consoles_games,10,16
2018,2,6,construction_tools_construction,20,17
2018,2,6,construction_tools_lights,1,18
2018,2,6,construction_tools_safety,2,19
2018,2,6,cool_stuff,33,20
2018,2,6,costruction_tools_garden,7,21
2018,2,6,drinks,5,24
2018,2,6,dvds_blu_ray,1,25
2018,2,6,electronics,76,26
2018,2,6,fashion_bags_accessories,27,28
2018,2,6,fashion_shoes,4,31
2018,2,6,fashion_underwear_beach,3,33
2018,2,6,fixed_telephony,6,34
2018,2,6,flowers,2,35
2018,2,6,food,3,36
2018,2,6,food_drink,8,37
2018,2,6,furniture_bedroom,1,38
2018,2,6,furniture_decor,70,39
2018,2,6,furniture_living_room,3,40
2018,2,6,furniture_mattress_and_upholstery,2,41
2018,2,6,garden_tools,82,42
2018,2,6,health_beauty,146,43
2018,2,6,home_appliances,9,44
2018,2,6,home_appliances_2,4,45
2018,2,6,home_confort,7,47
2018,2,6,home_construction,7,48
2018,2,6,housewares,77,49
2018,2,6,industry_commerce_and_business,6,50
2018,2,6,kitchen_dining_laundry_garden_furniture,4,51
2018,2,6,luggage_accessories,14,53
2018,2,6,market_place,15,54
2018,2,6,musical_instruments,7,56
2018,2,6,office_furniture,26,57
2018,2,6,perfumery,49,59
2018,2,6,pet_shop,22,60
2018,2,6,signaling_and_security,3,62
2018,2,6,small_appliances,5,63
2018,2,6,small_appliances_home_oven_and_coffee,2,64
2018,2,6,sports_leisure,161,65
2018,2,6,stationery,34,66
2018,2,6,tablets_printing_image,2,67
2018,2,6,telephony,96,68
2018,2,6,toys,32,69
2018,2,6,watches_gifts,70,70
2018,2,7,agro_industry_and_commerce,3,0
2018,2,7,air_conditioning,4,1
2018,2,7,art,1,2
2018,2,7,audio,1,4
2018,2,7,auto,95,5
2018,2,7,baby,43,6
2018,2,7,bed_bath_table,181,7
2018,2,7,books_general_interest,9,8
2018,2,7,books_imported,1,9
2018,2,7,books_technical,7,10
2018,2,7,christmas_supplies,9,12
2018,2,7,cine_photo,1,13
2018,2,7,computers_accessories,205,15
2018,2,7,consoles_games,15,16
2018,2,7,construction_tools_construction,7,17
2018,2,7,construction_tools_lights,4,18
2018,2,7,construction_tools_safety,1,19
2018,2,7,cool_stuff,51,20
2018,2,7,costruction_tools_garden,6,21
2018,2,7,costruction_tools_tools,1,22
2018,2,7,drinks,13,24
2018,2,7,electronics,80,26
2018,2,7,fashio_female_clothing,1,27
2018,2,7,fashion_bags_accessories,23,28
2018,2,7,fashion_shoes,1,31
2018,2,7,fashion_underwear_beach,1,33
2018,2,7,fixed_telephony,2,34
2018,2,7,flowers,1,35
2018,2,7,food,7,36
2018,2,7,food_drink,2,37
2018,2,7,furniture_bedroom,1,38
2018,2,7,furniture_decor,119,39
2018,2,7,furniture_living_room,6,40
2018,2,7,garden_tools,90,42
2018,2,7,health_beauty,171,43
2018,2,7,home_appliances,7,44
2018,2,7,home_appliances_2,7,45
2018,2,7,home_confort,5,47
2018,2,7,home_construction,6,48
2018,2,7,housewares,103,49
2018,2,7,industry_commerce_and_business,11,50
2018,2,7,luggage_accessories,15,53
2018,2,7,market_place,6,54
2018,2,7,music,1,55
2018,2,7,musical_instruments,13,56
2018,2,7,office_furniture,7,57
2018,2,7,perfumery,53,59
2018,2,7,pet_shop,30,60
2018,2,7,signaling_and_security,6,62
2018,2,7,small_appliances,6,63
2018,2,7,small_appliances_home_oven_and_coffee,1,64
2018,2,7,sports_leisure,145,65
2018,2,7,stationery,22,66
2018,2,7,tablets_printing_image,5,67
2018,2,7,telephony,91,68
2018,2,7,toys,35,69
2018,2,7,watches_gifts,65,70
2018,2,8,agro_industry_and_commerce,4,0
2018,2,8,air_conditioning,4,1
2018,2,8,art,3,2
2018,2,8,audio,4,4
2018,2,8,auto,87,5
2018,2,8,baby,51,6
2018,2,8,bed_bath_table,143,7
2018,2,8,books_general_interest,6,8
2018,2,8,books_imported,1,9
2018,2,8,books_technical,5,10
2018,2,8,christmas_supplies,2,12
2018,2,8,cine_photo,1,13
2018,2,8,computers_accessories,296,15
2018,2,8,consoles_games,13,16
2018,2,8,construction_tools_construction,17,17
2018,2,8,construction_tools_lights,7,18
2018,2,8,construction_tools_safety,1,19
2018,2,8,cool_stuff,59,20
2018,2,8,costruction_tools_garden,2,21
2018,2,8,costruction_tools_tools,8,22
2018,2,8,diapers_and_hygiene,4,23
2018,2,8,drinks,8,24
2018,2,8,electronics,85,26
2018,2,8,fashion_bags_accessories,34,28
2018,2,8,fashion_male_clothing,2,30
2018,2,8,fashion_shoes,5,31
2018,2,8,fashion_underwear_beach,2,33
2018,2,8,food,10,36
2018,2,8,food_drink,8,37
2018,2,8,furniture_bedroom,1,38
2018,2,8,furniture_decor,124,39
2018,2,8,furniture_living_room,6,40
2018,2,8,furniture_mattress_and_upholstery,3,41
2018,2,8,garden_tools,42,42
2018,2,8,health_beauty,166,43
2018,2,8,home_appliances,15,44
2018,2,8,home_appliances_2,4,45
2018,2,8,home_comfort_2,3,46
2018,2,8,home_confort,6,47
2018,2,8,home_construction,9,48
2018,2,8,housewares,117,49
2018,2,8,industry_commerce_and_business,12,50
2018,2,8,kitchen_dining_laundry_garden_furniture,6,51
2018,2,8,luggage_accessories,10,53
2018,2,8,market_place,6,54
2018,2,8,music,1,55
2018,2,8,musical_instruments,10,56
2018,2,8,office_furniture,15,57
2018,2,8,perfumery,48,59
2018,2,8,pet_shop,23,60
2018,2,8,signaling_and_security,4,62
2018,2,8,small_appliances,6,63
2018,2,8,small_appliances_home_oven_and_coffee,1,64
2018,2,8,sports_leisure,166,65
2018,2,8,stationery,39,66
2018,2,8,tablets_printing_image,3,67
2018,2,8,telephony,98,68
2018,2,8,toys,32,69
2018,2,8,watches_gifts,97,70
2018,2,9,agro_industry_and_commerce,7,0
2018,2,9,air_conditioning,2,1
2018,2,9,art,1,2
2018,2,9,audio,4,4
2018,2,9,auto,38,5
2018,2,9,baby,25,6
2018,2,9,bed_bath_table,67,7
2018,2,9,books_general_interest,3,8
2018,2,9,books_technical,6,10
2018,2,9,computers_accessories,162,15
2018,2,9,consoles_games,7,16
2018,2,9,construction_tools_construction,12,17
2018,2,9,construction_tools_lights,4,18
2018,2,9,construction_tools_safety,2,19
2018,2,9,cool_stuff,17,20
2018,2,9,costruction_tools_garden,1,21
2018,2,9,drinks,2,24
2018,2,9,electronics,36,26
2018,2,9,fashion_bags_accessories,12,28
2018,2,9,fashion_male_clothing,1,30
2018,2,9,fashion_shoes,1,31
2018,2,9,fashion_underwear_beach,1,33
2018,2,9,fixed_telephony,1,34
2018,2,9,food,10,36
2018,2,9,food_drink,4,37
2018,2,9,furniture_bedroom,4,38
2018,2,9,furniture_decor,64,39
2018,2,9,furniture_living_room,7,40
2018,2,9,garden_tools,44,42
2018,2,9,health_beauty,89,43
2018,2,9,home_appliances,10,44
2018,2,9,home_appliances_2,4,45
2018,2,9,home_confort,2,47
2018,2,9,home_construction,13,48
2018,2,9,housewares,57,49
2018,2,9,industry_commerce_and_business,2,50
2018,2,9,kitchen_dining_laundry_garden_furniture,3,51
2018,2,9,luggage_accessories,1,53
2018,2,9,musical_instruments,5,56
2018,2,9,office_furniture,31,57
2018,2,9,perfumery,28,59
2018,2,9,pet_shop,13,60
2018,2,9,signaling_and_security,2,62
2018,2,9,small_appliances,8,63
2018,2,9,small_appliances_home_oven_and_coffee,1,64
2018,2,9,sports_leisure,93,65
2018,2,9,stationery,26,66
2018,2,9,tablets_printing_image,1,67
2018,2,9,telephony,25,68
2018,2,9,toys,23,69
2018,2,9,watches_gifts,47,70
2018,3,9,agro_industry_and_commerce,2,0
2018,3,9,air_conditioning,2,1
2018,3,9,audio,3,4
2018,3,9,auto,37,5
2018,3,9,baby,25,6
2018,3,9,bed_bath_table,97,7
2018,3,9,books_general_interest,9,8
2018,3,9,books_technical,2,10
2018,3,9,christmas_supplies,5,12
2018,3,9,computers_accessories,122,15
2018,3,9,consoles_games,10,16
2018,3,9,construction_tools_construction,16,17
2018,3,9,construction_tools_lights,1,18
2018,3,9,construction_tools_safety,3,19
2018,3,9,cool_stuff,34,20
2018,3,9,costruction_tools_garden,3,21
2018,3,9,drinks,2,24
2018,3,9,electronics,31,26
2018,3,9,fashion_bags_accessories,25,28
2018,3,9,fashion_shoes,1,31
2018,3,9,fashion_underwear_beach,1,33
2018,3,9,food,2,36
2018,3,9,food_drink,7,37
2018,3,9,furniture_bedroom,1,38
2018,3,9,furniture_decor,85,39
2018,3,9,furniture_living_room,5,40
2018,3,9,furniture_mattress_and_upholstery,1,41
2018,3,9,garden_tools,30,42
2018,3,9,health_beauty,101,43
2018,3,9,home_appliances,4,44
2018,3,9,home_confort,2,47
2018,3,9,home_construction,6,48
2018,3,9,housewares,43,49
2018,3,9,industry_commerce_and_business,2,50
2018,3,9,kitchen_dining_laundry_garden_furniture,1,51
2018,3,9,luggage_accessories,5,53
2018,3,9,market_place,3,54
2018,3,9,musical_instruments,4,56
2018,3,9,office_furniture,32,57
2018,3,9,party_supplies,4,58
2018,3,9,perfumery,33,59
2018,3,9,pet_shop,21,60
2018,3,9,small_appliances,4,63
2018,3,9,small_appliances_home_oven_and_coffee,1,64
2018,3,9,sports_leisure,91,65
2018,3,9,stationery,24,66
2018,3,9,tablets_printing_image,1,67
2018,3,9,telephony,39,68
2018,3,9,toys,27,69
2018,3,9,watches_gifts,50,70
2018,3,10,agro_industry_and_commerce,5,0
2018,3,10,air_conditioning,2,1
2018,3,10,art,1,2
2018,3,10,audio,5,4
2018,3,10,auto,65,5
2018,3,10,baby,35,6
2018,3,10,bed_bath_table,155,7
2018,3,10,books_general_interest,3,8
2018,3,10,books_technical,5,10
2018,3,10,christmas_supplies,1,12
2018,3,10,computers_accessories,175,15
2018,3,10,consoles_games,16,16
2018,3,10,construction_tools_construction,7,17
2018,3,10,construction_tools_lights,3,18
2018,3,10,construction_tools_safety,3,19
2018,3,10,cool_stuff,59,20
2018,3,10,costruction_tools_garden,10,21
2018,3,10,drinks,6,24
2018,3,10,electronics,59,26
2018,3,10,fashion_bags_accessories,27,28
2018,3,10,fashion_childrens_clothes,1,29
2018,3,10,fashion_shoes,2,31
2018,3,10,fashion_underwear_beach,3,33
2018,3,10,fixed_telephony,2,34
2018,3,10,food,7,36
2018,3,10,food_drink,4,37
2018,3,10,furniture_bedroom,2,38
2018,3,10,furniture_decor,154,39
2018,3,10,furniture_living_room,3,40
2018,3,10,furniture_mattress_and_upholstery,1,41
2018,3,10,garden_tools,55,42
2018,3,10,health_beauty,170,43
2018,3,10,home_appliances,17,44
2018,3,10,home_appliances_2,1,45
2018,3,10,home_comfort_2,1,46
2018,3,10,home_confort,4,47
2018,3,10,home_construction,4,48
2018,3,10,housewares,96,49
2018,3,10,industry_commerce_and_business,6,50
2018,3,10,kitchen_dining_laundry_garden_furniture,1,51
2018,3,10,luggage_accessories,15,53
2018,3,10,market_place,4,54
2018,3,10,musical_instruments,11,56
2018,3,10,office_furniture,55,57
2018,3,10,party_supplies,1,58
2018,3,10,perfumery,49,59
2018,3,10,pet_shop,14,60
2018,3,10,signaling_and_security,4,62
2018,3,10,small_appliances,8,63
2018,3,10,small_appliances_home_oven_and_coffee,1,64
2018,3,10,sports_leisure,182,65
2018,3,10,stationery,39,66
2018,3,10,telephony,69,68
2018,3,10,toys,44,69
2018,3,10,watches_gifts,103,70
2018,3,11,agro_industry_and_commerce,6,0
2018,3,11,air_conditioning,7,1
2018,3,11,art,1,2
2018,3,11,audio,7,4
2018,3,11,auto,80,5
2018,3,11,baby,58,6
2018,3,11,bed_bath_table,172,7
2018,3,11,books_general_interest,15,8
2018,3,11,books_imported,2,9
2018,3,11,books_technical,2,10
2018,3,11,cine_photo,5,13
2018,3,11,computers_accessories,134,15
2018,3,11,consoles_games,12,16
2018,3,11,construction_tools_construction,11,17
2018,3,11,construction_tools_lights,3,18
2018,3,11,construction_tools_safety,2,19
2018,3,11,cool_stuff,46,20
2018,3,11,costruction_tools_garden,3,21
2018,3,11,costruction_tools_tools,1,22
2018,3,11,drinks,3,24
2018,3,11,dvds_blu_ray,1,25
2018,3,11,electronics,68,26
2018,3,11,fashion_bags_accessories,25,28
2018,3,11,fashion_shoes,3,31
2018,3,11,fashion_sport,1,32
2018,3,11,fixed_telephony,1,34
2018,3,11,flowers,1,35
2018,3,11,food,12,36
2018,3,11,food_drink,2,37
2018,3,11,furniture_bedroom,1,38
2018,3,11,furniture_decor,111,39
2018,3,11,furniture_living_room,6,40
2018,3,11,furniture_mattress_and_upholstery,1,41
2018,3,11,garden_tools,56,42
2018,3,11,health_beauty,137,43
2018,3,11,home_appliances,14,44
2018,3,11,home_appliances_2,4,45
2018,3,11,home_confort,7,47
2018,3,11,home_construction,5,48
2018,3,11,housewares,80,49
2018,3,11,industry_commerce_and_business,3,50
2018,3,11,kitchen_dining_laundry_garden_furniture,3,51
2018,3,11,luggage_accessories,12,53
2018,3,11,market_place,1,54
2018,3,11,musical_instruments,12,56
2018,3,11,office_furniture,41,57
2018,3,11,perfumery,48,59
2018,3,11,pet_shop,31,60
2018,3,11,signaling_and_security,3,62
2018,3,11,small_appliances,11,63
2018,3,11,small_appliances_home_oven_and_coffee,1,64
2018,3,11,sports_leisure,173,65
2018,3,11,stationery,28,66
2018,3,11,tablets_printing_image,2,67
2018,3,11,telephony,75,68
2018,3,11,toys,65,69
2018,3,11,watches_gifts,112,70
2018,3,12,agro_industry_and_commerce,8,0
2018,3,12,air_conditioning,9,1
2018,3,12,art,4,2
2018,3,12,audio,10,4
2018,3,12,auto,93,5
2018,3,12,baby,57,6
2018,3,12,bed_bath_table,210,7
2018,3,12,books_general_interest,5,8
2018,3,12,books_imported,1,9
2018,3,12,books_technical,7,10
2018,3,12,christmas_supplies,4,12
2018,3,12,cine_photo,1,13
2018,3,12,computers_accessories,181,15
2018,3,12,consoles_games,10,16
2018,3,12,construction_tools_construction,21,17
2018,3,12,construction_tools_lights,3,18
2018,3,12,construction_tools_safety,6,19
2018,3,12,cool_stuff,66,20
2018,3,12,costruction_tools_garden,4,21
2018,3,12,costruction_tools_tools,5,22
2018,3,12,drinks,4,24
2018,3,12,dvds_blu_ray,1,25
2018,3,12,electronics,56,26
2018,3,12,fashio_female_clothing,4,27
2018,3,12,fashion_bags_accessories,32,28
2018,3,12,fashion_childrens_clothes,1,29
2018,3,12,fashion_shoes,3,31
2018,3,12,fashion_underwear_beach,1,33
2018,3,12,fixed_telephony,7,34
2018,3,12,flowers,1,35
2018,3,12,food,10,36
2018,3,12,food_drink,3,37
2018,3,12,furniture_bedroom,2,38
2018,3,12,furniture_decor,129,39
2018,3,12,furniture_living_room,3,40
2018,3,12,furniture_mattress_and_upholstery,1,41
2018,3,12,garden_tools,60,42
2018,3,12,health_beauty,139,43
2018,3,12,home_appliances,23,44
2018,3,12,home_appliances_2,3,45
2018,3,12,home_confort,4,47
2018,3,12,home_construction,15,48
2018,3,12,housewares,111,49
2018,3,12,industry_commerce_and_business,8,50
2018,3,12,kitchen_dining_laundry_garden_furniture,3,51
2018,3,12,luggage_accessories,14,53
2018,3,12,market_place,5,54
2018,3,12,music,1,55
2018,3,12,musical_instruments,20,56
2018,3,12,office_furniture,30,57
2018,3,12,perfumery,47,59
2018,3,12,pet_shop,37,60
2018,3,12,signaling_and_security,1,62
2018,3,12,small_appliances,8,63
2018,3,12,small_appliances_home_oven_and_coffee,1,64
2018,3,12,sports_leisure,157,65
2018,3,12,stationery,42,66
2018,3,12,telephony,86,68
2018,3,12,toys,50,69
2018,3,12,watches_gifts,93,70
2018,3,13,agro_industry_and_commerce,5,0
2018,3,13,air_conditioning,4,1
2018,3,13,art,1,2
2018,3,13,audio,9,4
2018,3,13,auto,61,5
2018,3,13,baby,40,6
2018,3,13,bed_bath_table,143,7
2018,3,13,books_general_interest,6,8
2018,3,13,books_technical,1,10
2018,3,13,christmas_supplies,2,12
2018,3,13,cine_photo,1,13
2018,3,13,computers_accessories,138,15
2018,3,13,consoles_games,9,16
2018,3,13,construction_tools_construction,11,17
2018,3,13,construction_tools_lights,3,18
2018,3,13,construction_tools_safety,8,19
2018,3,13,cool_stuff,48,20
2018,3,13,costruction_tools_garden,2,21
2018,3,13,costruction_tools_tools,3,22
2018,3,13,diapers_and_hygiene,5,23
2018,3,13,drinks,6,24
2018,3,13,electronics,40,26
2018,3,13,fashion_bags_accessories,28,28
2018,3,13,fashion_shoes,2,31
2018,3,13,fixed_telephony,4,34
2018,3,13,flowers,1,35
2018,3,13,food,4,36
2018,3,13,food_drink,3,37
2018,3,13,furniture_decor,104,39
2018,3,13,furniture_living_room,2,40
2018,3,13,garden_tools,52,42
2018,3,13,health_beauty,109,43
2018,3,13,home_appliances,12,44
2018,3,13,home_appliances_2,4,45
2018,3,13,home_confort,4,47
2018,3,13,home_construction,13,48
2018,3,13,housewares,60,49
2018,3,13,industry_commerce_and_business,10,50
2018,3,13,kitchen_dining_laundry_garden_furniture,4,51
2018,3,13,la_cuisine,1,52
2018,3,13,luggage_accessories,10,53
2018,3,13,market_place,4,54
2018,3,13,music,1,55
2018,3,13,musical_instruments,6,56
2018,3,13,office_furniture,42,57
2018,3,13,party_supplies,1,58
2018,3,13,perfumery,21,59
2018,3,13,pet_shop,19,60
2018,3,13,signaling_and_security,1,62
2018,3,13,small_appliances,4,63
2018,3,13,small_appliances_home_oven_and_coffee,3,64
2018,3,13,sports_leisure,129,65
2018,3,13,stationery,30,66
2018,3,13,telephony,65,68
2018,3,13,toys,39,69
2018,3,13,watches_gifts,63,70
2018,4,13,audio,1,4
2018,4,13,auto,11,5
2018,4,13,baby,5,6
2018,4,13,bed_bath_table,19,7
2018,4,13,books_general_interest,1,8
2018,4,13,books_technical,1,10
2018,4,13,christmas_supplies,1,12
2018,4,13,computers_accessories,16,15
2018,4,13,consoles_games,1,16
2018,4,13,construction_tools_construction,3,17
2018,4,13,cool_stuff,1,20
2018,4,13,drinks,1,24
2018,4,13,dvds_blu_ray,1,25
2018,4,13,electronics,9,26
2018,4,13,fashion_bags_accessories,5,28
2018,4,13,fashion_shoes,1,31
2018,4,13,food,1,36
2018,4,13,furniture_decor,16,39
2018,4,13,furniture_living_room,1,40
2018,4,13,garden_tools,12,42
2018,4,13,health_beauty,22,43
2018,4,13,home_appliances,1,44
2018,4,13,home_appliances_2,1,45
2018,4,13,housewares,15,49
2018,4,13,luggage_accessories,1,53
2018,4,13,musical_instruments,2,56
2018,4,13,office_furniture,3,57
2018,4,13,perfumery,7,59
2018,4,13,pet_shop,7,60
2018,4,13,small_appliances,3,63
2018,4,13,sports_leisure,20,65
2018,4,13,stationery,4,66
2018,4,13,telephony,12,68
2018,4,13,toys,5,69
2018,4,13,watches_gifts,14,70
2018,4,14,agro_industry_and_commerce,3,0
2018,4,14,air_conditioning,7,1
2018,4,14,art,5,2
2018,4,14,audio,6,4
2018,4,14,auto,87,5
2018,4,14,baby,44,6
2018,4,14,bed_bath_table,170,7
2018,4,14,books_general_interest,8,8
2018,4,14,books_imported,2,9
2018,4,14,books_technical,4,10
2018,4,14,christmas_supplies,1,12
2018,4,14,cine_photo,1,13
2018,4,14,computers,3,14
2018,4,14,computers_accessories,152,15
2018,4,14,consoles_games,14,16
2018,4,14,construction_tools_construction,21,17
2018,4,14,construction_tools_lights,3,18
2018,4,14,construction_tools_safety,9,19
2018,4,14,cool_stuff,50,20
2018,4,14,costruction_tools_garden,3,21
2018,4,14,costruction_tools_tools,5,22
2018,4,14,diapers_and_hygiene,1,23
2018,4,14,drinks,4,24
2018,4,14,dvds_blu_ray,2,25
2018,4,14,electronics,48,26
2018,4,14,fashion_bags_accessories,29,28
2018,4,14,fashion_shoes,3,31
2018,4,14,fashion_sport,1,32
2018,4,14,fashion_underwear_beach,1,33
2018,4,14,fixed_telephony,7,34
2018,4,14,food,6,36
2018,4,14,food_drink,4,37
2018,4,14,furniture_bedroom,2,38
2018,4,14,furniture_decor,138,39
2018,4,14,furniture_living_room,9,40
2018,4,14,garden_tools,41,42
2018,4,14,health_beauty,144,43
2018,4,14,home_appliances,23,44
2018,4,14,home_appliances_2,3,45
2018,4,14,home_comfort_2,1,46
2018,4,14,home_confort,5,47
2018,4,14,home_construction,17,48
2018,4,14,housewares,79,49
2018,4,14,industry_commerce_and_business,17,50
2018,4,14,kitchen_dining_laundry_garden_furniture,1,51
2018,4,14,luggage_accessories,9,53
2018,4,14,market_place,2,54
2018,4,14,music,1,55
2018,4,14,musical_instruments,15,56
2018,4,14,office_furniture,31,57
2018,4,14,perfumery,46,59
2018,4,14,pet_shop,40,60
2018,4,14,signaling_and_security,3,62
2018,4,14,small_appliances,21,63
2018,4,14,small_appliances_home_oven_and_coffee,3,64
2018,4,14,sports_leisure,158,65
2018,4,14,stationery,33,66
2018,4,14,telephony,50,68
2018,4,14,toys,49,69
2018,4,14,watches_gifts,91,70
2018,4,15,agro_industry_and_commerce,2,0
2018,4,15,air_conditioning,4,1
2018,4,15,art,4,2
2018,4,15,audio,10,4
2018,4,15,auto,87,5
2018,4,15,baby,65,6
2018,4,15,bed_bath_table,179,7
2018,4,15,books_general_interest,6,8
2018,4,15,books_imported,1,9
2018,4,15,books_technical,3,10
2018,4,15,christmas_supplies,1,12
2018,4,15,cine_photo,1,13
2018,4,15,computers,5,14
2018,4,15,computers_accessories,104,15
2018,4,15,consoles_games,11,16
2018,4,15,construction_tools_construction,20,17
2018,4,15,construction_tools_lights,17,18
2018,4,15,construction_tools_safety,1,19
2018,4,15,cool_stuff,54,20
2018,4,15,costruction_tools_garden,3,21
2018,4,15,costruction_tools_tools,6,22
2018,4,15,diapers_and_hygiene,1,23
2018,4,15,drinks,25,24
2018,4,15,electronics,45,26
2018,4,15,fashion_bags_accessories,17,28
2018,4,15,fashion_shoes,2,31
2018,4,15,fashion_underwear_beach,2,33
2018,4,15,fixed_telephony,2,34
2018,4,15,flowers,1,35
2018,4,15,food,7,36
2018,4,15,food_drink,3,37
2018,4,15,furniture_bedroom,3,38
2018,4,15,furniture_decor,118,39
2018,4,15,furniture_living_room,2,40
2018,4,15,garden_tools,50,42
2018,4,15,health_beauty,162,43
2018,4,15,home_appliances,37,44
2018,4,15,home_appliances_2,6,45
2018,4,15,home_confort,5,47
2018,4,15,home_construction,16,48
2018,4,15,housewares,110,49
2018,4,15,industry_commerce_and_business,9,50
2018,4,15,kitchen_dining_laundry_garden_furniture,5,51
2018,4,15,luggage_accessories,14,53
2018,4,15,market_place,3,54
2018,4,15,music,1,55
2018,4,15,musical_instruments,15,56
2018,4,15,office_furniture,26,57
2018,4,15,party_supplies,2,58
2018,4,15,perfumery,43,59
2018,4,15,pet_shop,39,60
2018,4,15,signaling_and_security,13,62
2018,4,15,small_appliances,20,63
2018,4,15,small_appliances_home_oven_and_coffee,3,64
2018,4,15,sports_leisure,143,65
2018,4,15,stationery,38,66
2018,4,15,telephony,71,68
2018,4,15,toys,27,69
2018,4,15,watches_gifts,74,70
2018,4,16,agro_industry_and_commerce,3,0
2018,4,16,air_conditioning,3,1
2018,4,16,art,6,2
2018,4,16,arts_and_craftmanship,1,3
2018,4,16,audio,7,4
2018,4,16,auto,80,5
2018,4,16,baby,68,6
2018,4,16,bed_bath_table,180,7
2018,4,16,books_general_interest,20,8
2018,4,16,books_technical,3,10
2018,4,16,cds_dvds_musicals,1,11
2018,4,16,christmas_supplies,2,12
2018,4,16,cine_photo,2,13
2018,4,16,computers,7,14
2018,4,16,computers_accessories,141,15
2018,4,16,consoles_games,7,16
2018,4,16,construction_tools_construction,24,17
2018,4,16,construction_tools_lights,13,18
2018,4,16,construction_tools_safety,6,19
2018,4,16,cool_stuff,44,20
2018,4,16,costruction_tools_garden,6,21
2018,4,16,costruction_tools_tools,2,22
2018,4,16,diapers_and_hygiene,1,23
2018,4,16,drinks,16,24
2018,4,16,electronics,41,26
2018,4,16,fashion_bags_accessories,16,28
2018,4,16,fashion_shoes,2,31
2018,4,16,fixed_telephony,1,34
2018,4,16,flowers,1,35
2018,4,16,food,10,36
2018,4,16,food_drink,2,37
2018,4,16,furniture_bedroom,1,38
2018,4,16,furniture_decor,168,39
2018,4,16,furniture_living_room,11,40
2018,4,16,garden_tools,86,42
2018,4,16,health_beauty,151,43
2018,4,16,home_appliances,24,44
2018,4,16,home_appliances_2,6,45
2018,4,16,home_confort,4,47
2018,4,16,home_construction,21,48
2018,4,16,housewares,118,49
2018,4,16,industry_commerce_and_business,7,50
2018,4,16,kitchen_dining_laundry_garden_furniture,7,51
2018,4,16,la_cuisine,2,52
2018,4,16,luggage_accessories,15,53
2018,4,16,market_place,5,54
2018,4,16,musical_instruments,14,56
2018,4,16,office_furniture,39,57
2018,4,16,perfumery,33,59
2018,4,16,pet_shop,37,60
2018,4,16,signaling_and_security,7,62
2018,4,16,small_appliances,12,63
2018,4,16,small_appliances_home_oven_and_coffee,4,64
2018,4,16,sports_leisure,114,65
2018,4,16,stationery,48,66
2018,4,16,telephony,78,68
2018,4,16,toys,55,69
2018,4,16,watches_gifts,110,70
2018,4,17,agro_industry_and_commerce,4,0
2018,4,17,air_conditioning,8,1
2018,4,17,art,9,2
2018,4,17,audio,7,4
2018,4,17,auto,73,5
2018,4,17,baby,46,6
2018,4,17,bed_bath_table,161,7
2018,4,17,books_general_interest,13,8
2018,4,17,books_imported,1,9
2018,4,17,books_technical,10,10
2018,4,17,christmas_supplies,6,12
2018,4,17,cine_photo,1,13
2018,4,17,computers_accessories,99,15
2018,4,17,consoles_games,6,16
2018,4,17,construction_tools_construction,19,17
2018,4,17,construction_tools_lights,11,18
2018,4,17,construction_tools_safety,7,19
2018,4,17,cool_stuff,48,20
2018,4,17,costruction_tools_garden,5,21
2018,4,17,costruction_tools_tools,4,22
2018,4,17,diapers_and_hygiene,1,23
2018,4,17,drinks,8,24
2018,4,17,dvds_blu_ray,2,25
2018,4,17,electronics,61,26
2018,4,17,fashio_female_clothing,5,27
2018,4,17,fashion_bags_accessories,32,28
2018,4,17,fashion_male_clothing,1,30
2018,4,17,fashion_shoes,3,31
2018,4,17,fashion_underwear_beach,3,33
2018,4,17,fixed_telephony,1,34
2018,4,17,food,11,36
2018,4,17,food_drink,7,37
2018,4,17,furniture_decor,129,39
2018,4,17,furniture_living_room,8,40
2018,4,17,garden_tools,73,42
2018,4,17,health_beauty,177,43
2018,4,17,home_appliances,19,44
2018,4,17,home_appliances_2,6,45
2018,4,17,home_confort,4,47
2018,4,17,home_construction,20,48
2018,4,17,housewares,126,49
2018,4,17,industry_commerce_and_business,16,50
2018,4,17,kitchen_dining_laundry_garden_furniture,6,51
2018,4,17,luggage_accessories,16,53
2018,4,17,market_place,4,54
2018,4,17,music,2,55
2018,4,17,musical_instruments,13,56
2018,4,17,office_furniture,32,57
2018,4,17,perfumery,38,59
2018,4,17,pet_shop,39,60
2018,4,17,signaling_and_security,12,62
2018,4,17,small_appliances,10,63
2018,4,17,small_appliances_home_oven_and_coffee,1,64
2018,4,17,sports_leisure,129,65
2018,4,17,stationery,28,66
2018,4,17,tablets_printing_image,1,67
2018,4,17,telephony,60,68
2018,4,17,toys,53,69
2018,4,17,watches_gifts,182,70
2018,4,18,air_conditioning,1,1
2018,4,18,art,2,2
2018,4,18,auto,10,5
2018,4,18,baby,9,6
2018,4,18,bed_bath_table,27,7
2018,4,18,books_general_interest,1,8
2018,4,18,books_technical,2,10
2018,4,18,christmas_supplies,1,12
2018,4,18,computers_accessories,14,15
2018,4,18,consoles_games,1,16
2018,4,18,construction_tools_construction,3,17
2018,4,18,construction_tools_lights,3,18
2018,4,18,construction_tools_safety,1,19
2018,4,18,cool_stuff,9,20
2018,4,18,costruction_tools_garden,1,21
2018,4,18,electronics,8,26
2018,4,18,fashion_bags_accessories,3,28
2018,4,18,flowers,1,35
2018,4,18,food,5,36
2018,4,18,food_drink,2,37
2018,4,18,furniture_bedroom,1,38
2018,4,18,furniture_decor,17,39
2018,4,18,furniture_living_room,2,40
2018,4,18,garden_tools,20,42
2018,4,18,health_beauty,29,43
2018,4,18,home_appliances_2,1,45
2018,4,18,home_construction,1,48
2018,4,18,housewares,14,49
2018,4,18,industry_commerce_and_business,4,50
2018,4,18,luggage_accessories,2,53
2018,4,18,market_place,1,54
2018,4,18,music,1,55
2018,4,18,musical_instruments,1,56
2018,4,18,perfumery,7,59
2018,4,18,pet_shop,4,60
2018,4,18,signaling_and_security,1,62
2018,4,18,small_appliances_home_oven_and_coffee,2,64
2018,4,18,sports_leisure,22,65
2018,4,18,stationery,1,66
2018,4,18,telephony,8,68
2018,4,18,toys,13,69
2018,4,18,watches_gifts,23,70
2018,5,18,agro_industry_and_commerce,1,0
2018,5,18,air_conditioning,1,1
2018,5,18,art,7,2
2018,5,18,arts_and_craftmanship,1,3
2018,5,18,audio,3,4
2018,5,18,auto,68,5
2018,5,18,baby,55,6
2018,5,18,bed_bath_table,157,7
2018,5,18,books_general_interest,17,8
2018,5,18,books_technical,14,10
2018,5,18,christmas_supplies,2,12
2018,5,18,cine_photo,1,13
2018,5,18,computers,1,14
2018,5,18,computers_accessories,91,15
2018,5,18,consoles_games,14,16
2018,5,18,construction_tools_construction,13,17
2018,5,18,construction_tools_lights,4,18
2018,5,18,construction_tools_safety,4,19
2018,5,18,cool_stuff,53,20
2018,5,18,costruction_tools_garden,4,21
2018,5,18,costruction_tools_tools,2,22
2018,5,18,drinks,14,24
2018,5,18,dvds_blu_ray,1,25
2018,5,18,electronics,40,26
2018,5,18,fashion_bags_accessories,29,28
2018,5,18,fashion_shoes,3,31
2018,5,18,fashion_underwear_beach,2,33
2018,5,18,fixed_telephony,1,34
2018,5,18,flowers,1,35
2018,5,18,food,7,36
2018,5,18,food_drink,4,37
2018,5,18,furniture_decor,122,39
2018,5,18,furniture_living_room,3,40
2018,5,18,garden_tools,76,42
2018,5,18,health_beauty,197,43
2018,5,18,home_appliances,10,44
2018,5,18,home_appliances_2,6,45
2018,5,18,home_confort,1,47
2018,5,18,home_construction,14,48
2018,5,18,housewares,123,49
2018,5,18,industry_commerce_and_business,2,50
2018,5,18,kitchen_dining_laundry_garden_furniture,4,51
2018,5,18,luggage_accessories,11,53
2018,5,18,market_place,2,54
2018,5,18,music,2,55
2018,5,18,musical_instruments,10,56
2018,5,18,office_furniture,15,57
2018,5,18,perfumery,46,59
2018,5,18,pet_shop,26,60
2018,5,18,signaling_and_security,5,62
2018,5,18,small_appliances,9,63
2018,5,18,sports_leisure,108,65
2018,5,18,stationery,28,66
2018,5,18,telephony,46,68
2018,5,18,toys,42,69
2018,5,18,watches_gifts,183,70
2018,5,19,agro_industry_and_commerce,5,0
2018,5,19,air_conditioning,5,1
2018,5,19,art,11,2
2018,5,19,audio,5,4
2018,5,19,auto,90,5
2018,5,19,baby,60,6
2018,5,19,bed_bath_table,163,7
2018,5,19,books_general_interest,13,8
2018,5,19,books_imported,3,9
2018,5,19,books_technical,15,10
2018,5,19,christmas_supplies,2,12
2018,5,19,cine_photo,4,13
2018,5,19,computers,8,14
2018,5,19,computers_accessories,132,15
2018,5,19,consoles_games,12,16
2018,5,19,construction_tools_construction,53,17
2018,5,19,construction_tools_lights,12,18
2018,5,19,construction_tools_safety,5,19
2018,5,19,cool_stuff,48,20
2018,5,19,costruction_tools_garden,7,21
2018,5,19,costruction_tools_tools,1,22
2018,5,19,diapers_and_hygiene,1,23
2018,5,19,drinks,18,24
2018,5,19,dvds_blu_ray,3,25
2018,5,19,electronics,72,26
2018,5,19,fashion_bags_accessories,34,28
2018,5,19,fashion_male_clothing,1,30
2018,5,19,fashion_shoes,2,31
2018,5,19,fashion_underwear_beach,2,33
2018,5,19,fixed_telephony,2,34
2018,5,19,food,12,36
2018,5,19,food_drink,1,37
2018,5,19,furniture_bedroom,1,38
2018,5,19,furniture_decor,173,39
2018,5,19,furniture_living_room,2,40
2018,5,19,garden_tools,61,42
2018,5,19,health_beauty,240,43
2018,5,19,home_appliances,12,44
2018,5,19,home_appliances_2,8,45
2018,5,19,home_confort,9,47
2018,5,19,home_construction,17,48
2018,5,19,housewares,172,49
2018,5,19,industry_commerce_and_business,16,50
2018,5,19,kitchen_dining_laundry_garden_furniture,1,51
2018,5,19,luggage_accessories,13,53
2018,5,19,market_place,6,54
2018,5,19,music,2,55
2018,5,19,musical_instruments,18,56
2018,5,19,office_furniture,32,57
2018,5,19,party_supplies,1,58
2018,5,19,perfumery,55,59
2018,5,19,pet_shop,41,60
2018,5,19,small_appliances,13,63
2018,5,19,small_appliances_home_oven_and_coffee,4,64
2018,5,19,sports_leisure,146,65
2018,5,19,stationery,32,66
2018,5,19,telephony,79,68
2018,5,19,toys,64,69
2018,5,19,watches_gifts,222,70
2018,5,20,agro_industry_and_commerce,1,0
2018,5,20,air_conditioning,7,1
2018,5,20,art,12,2
2018,5,20,audio,9,4
2018,5,20,auto,96,5
2018,5,20,baby,67,6
2018,5,20,bed_bath_table,215,7
2018,5,20,books_general_interest,15,8
2018,5,20,books_imported,3,9
2018,5,20,books_technical,13,10
2018,5,20,christmas_supplies,1,12
2018,5,20,cine_photo,9,13
2018,5,20,computers_accessories,124,15
2018,5,20,consoles_games,17,16
2018,5,20,construction_tools_construction,28,17
2018,5,20,construction_tools_lights,17,18
2018,5,20,construction_tools_safety,7,19
2018,5,20,cool_stuff,49,20
2018,5,20,costruction_tools_garden,1,21
2018,5,20,diapers_and_hygiene,1,23
2018,5,20,drinks,5,24
2018,5,20,dvds_blu_ray,2,25
2018,5,20,electronics,78,26
2018,5,20,fashion_bags_accessories,26,28
2018,5,20,fashion_shoes,2,31
2018,5,20,fashion_underwear_beach,1,33
2018,5,20,fixed_telephony,3,34
2018,5,20,food,20,36
2018,5,20,food_drink,14,37
2018,5,20,furniture_bedroom,3,38
2018,5,20,furniture_decor,176,39
2018,5,20,furniture_living_room,5,40
2018,5,20,garden_tools,85,42
2018,5,20,health_beauty,164,43
2018,5,20,home_appliances,23,44
2018,5,20,home_appliances_2,5,45
2018,5,20,home_confort,5,47
2018,5,20,home_construction,16,48
2018,5,20,housewares,177,49
2018,5,20,industry_commerce_and_business,15,50
2018,5,20,kitchen_dining_laundry_garden_furniture,4,51
2018,5,20,luggage_accessories,14,53
2018,5,20,market_place,3,54
2018,5,20,musical_instruments,20,56
2018,5,20,office_furniture,24,57
2018,5,20,perfumery,57,59
2018,5,20,pet_shop,36,60
2018,5,20,signaling_and_security,2,62
2018,5,20,small_appliances,10,63
2018,5,20,small_appliances_home_oven_and_coffee,3,64
2018,5,20,sports_leisure,132,65
2018,5,20,stationery,36,66
2018,5,20,tablets_printing_image,1,67
2018,5,20,telephony,61,68
2018,5,20,toys,56,69
2018,5,20,watches_gifts,115,70
2018,5,21,air_conditioning,1,1
2018,5,21,art,3,2
2018,5,21,audio,1,4
2018,5,21,auto,37,5
2018,5,21,baby,28,6
2018,5,21,bed_bath_table,132,7
2018,5,21,books_general_interest,2,8
2018,5,21,books_imported,4,9
2018,5,21,books_technical,10,10
2018,5,21,christmas_supplies,1,12
2018,5,21,cine_photo,2,13
2018,5,21,computers,4,14
2018,5,21,computers_accessories,73,15
2018,5,21,consoles_games,2,16
2018,5,21,construction_tools_construction,20,17
2018,5,21,construction_tools_lights,4,18
2018,5,21,construction_tools_safety,6,19
2018,5,21,cool_stuff,17,20
2018,5,21,costruction_tools_garden,3,21
2018,5,21,costruction_tools_tools,1,22
2018,5,21,diapers_and_hygiene,1,23
2018,5,21,drinks,10,24
2018,5,21,dvds_blu_ray,1,25
2018,5,21,electronics,26,26
2018,5,21,fashion_bags_accessories,12,28
2018,5,21,fashion_underwear_beach,1,33
2018,5,21,fixed_telephony,10,34
2018,5,21,food,4,36
2018,5,21,food_drink,6,37
2018,5,21,furniture_decor,81,39
2018,5,21,garden_tools,45,42
2018,5,21,health_beauty,95,43
2018,5,21,home_appliances,13,44
2018,5,21,home_appliances_2,3,45
2018,5,21,home_confort,6,47
2018,5,21,home_construction,18,48
2018,5,21,housewares,82,49
2018,5,21,industry_commerce_and_business,3,50
2018,5,21,kitchen_dining_laundry_garden_furniture,4,51
2018,5,21,luggage_accessories,8,53
2018,5,21,market_place,2,54
2018,5,21,musical_instruments,7,56
2018,5,21,office_furniture,26,57
2018,5,21,party_supplies,1,58
2018,5,21,perfumery,25,59
2018,5,21,pet_shop,22,60
2018,5,21,small_appliances,13,63
2018,5,21,small_appliances_home_oven_and_coffee,2,64
2018,5,21,sports_leisure,56,65
2018,5,21,stationery,21,66
2018,5,21,telephony,39,68
2018,5,21,toys,35,69
2018,5,21,watches_gifts,61,70
2018,5,22,agro_industry_and_commerce,1,0
2018,5,22,art,1,2
2018,5,22,audio,3,4
2018,5,22,auto,17,5
2018,5,22,baby,29,6
2018,5,22,bed_bath_table,73,7
2018,5,22,books_general_interest,3,8
2018,5,22,books_technical,3,10
2018,5,22,cine_photo,1,13
2018,5,22,computers_accessories,33,15
2018,5,22,consoles_games,7,16
2018,5,22,construction_tools_construction,11,17
2018,5,22,construction_tools_lights,1,18
2018,5,22,cool_stuff,8,20
2018,5,22,costruction_tools_garden,1,21
2018,5,22,costruction_tools_tools,1,22
2018,5,22,electronics,15,26
2018,5,22,fashion_bags_accessories,9,28
2018,5,22,fashion_shoes,3,31
2018,5,22,food,1,36
2018,5,22,furniture_bedroom,2,38
2018,5,22,furniture_decor,45,39
2018,5,22,furniture_living_room,6,40
2018,5,22,garden_tools,21,42
2018,5,22,health_beauty,55,43
2018,5,22,home_appliances,6,44
2018,5,22,home_appliances_2,1,45
2018,5,22,home_construction,14,48
2018,5,22,housewares,64,49
2018,5,22,industry_commerce_and_business,4,50
2018,5,22,luggage_accessories,3,53
2018,5,22,market_place,1,54
2018,5,22,music,1,55
2018,5,22,musical_instruments,6,56
2018,5,22,office_furniture,7,57
2018,5,22,party_supplies,2,58
2018,5,22,perfumery,14,59
2018,5,22,pet_shop,11,60
2018,5,22,small_appliances,3,63
2018,5,22,sports_leisure,47,65
2018,5,22,stationery,13,66
2018,5,22,telephony,25,68
2018,5,22,toys,21,69
2018,5,22,watches_gifts,44,70
2018,6,22,art,3,2
2018,6,22,audio,2,4
2018,6,22,auto,24,5
2018,6,22,baby,20,6
2018,6,22,bed_bath_table,56,7
2018,6,22,books_general_interest,2,8
2018,6,22,books_technical,2,10
2018,6,22,computers,1,14
2018,6,22,computers_accessories,16,15
2018,6,22,consoles_games,4,16
2018,6,22,construction_tools_construction,8,17
2018,6,22,construction_tools_lights,6,18
2018,6,22,construction_tools_safety,2,19
2018,6,22,cool_stuff,9,20
2018,6,22,costruction_tools_garden,3,21
2018,6,22,costruction_tools_tools,1,22
2018,6,22,diapers_and_hygiene,1,23
2018,6,22,electronics,14,26
2018,6,22,fashion_bags_accessories,10,28
2018,6,22,fashion_childrens_clothes,1,29
2018,6,22,fashion_male_clothing,1,30
2018,6,22,fashion_shoes,3,31
2018,6,22,fashion_underwear_beach,1,33
2018,6,22,fixed_telephony,2,34
2018,6,22,food,1,36
2018,6,22,food_drink,1,37
2018,6,22,furniture_decor,43,39
2018,6,22,garden_tools,7,42
2018,6,22,health_beauty,58,43
2018,6,22,home_appliances,11,44
2018,6,22,home_appliances_2,2,45
2018,6,22,home_construction,10,48
2018,6,22,housewares,60,49
2018,6,22,industry_commerce_and_business,3,50
2018,6,22,kitchen_dining_laundry_garden_furniture,4,51
2018,6,22,luggage_accessories,2,53
2018,6,22,musical_instruments,7,56
2018,6,22,office_furniture,7,57
2018,6,22,perfumery,17,59
2018,6,22,pet_shop,15,60
2018,6,22,signaling_and_security,6,62
2018,6,22,small_appliances,4,63
2018,6,22,sports_leisure,36,65
2018,6,22,stationery,13,66
2018,6,22,telephony,16,68
2018,6,22,toys,20,69
2018,6,22,watches_gifts,46,70
2018,6,23,agro_industry_and_commerce,2,0
2018,6,23,air_conditioning,9,1
2018,6,23,art,2,2
2018,6,23,audio,1,4
2018,6,23,auto,79,5
2018,6,23,baby,57,6
2018,6,23,bed_bath_table,198,7
2018,6,23,books_general_interest,10,8
2018,6,23,books_imported,2,9
2018,6,23,books_technical,6,10
2018,6,23,christmas_supplies,3,12
2018,6,23,cine_photo,1,13
2018,6,23,computers,1,14
2018,6,23,computers_accessories,111,15
2018,6,23,consoles_games,5,16
2018,6,23,construction_tools_construction,21,17
2018,6,23,construction_tools_lights,11,18
2018,6,23,construction_tools_safety,3,19
2018,6,23,cool_stuff,21,20
2018,6,23,costruction_tools_garden,1,21
2018,6,23,costruction_tools_tools,3,22
2018,6,23,diapers_and_hygiene,2,23
2018,6,23,drinks,9,24
2018,6,23,dvds_blu_ray,1,25
2018,6,23,electronics,41,26
2018,6,23,fashion_bags_accessories,22,28
2018,6,23,fashion_male_clothing,1,30
2018,6,23,fashion_shoes,3,31
2018,6,23,fixed_telephony,2,34
2018,6,23,food,6,36
2018,6,23,food_drink,6,37
2018,6,23,furniture_bedroom,2,38
2018,6,23,furniture_decor,68,39
2018,6,23,furniture_living_room,5,40
2018,6,23,garden_tools,47,42
2018,6,23,health_beauty,192,43
2018,6,23,home_appliances,13,44
2018,6,23,home_appliances_2,5,45
2018,6,23,home_comfort_2,2,46
2018,6,23,home_confort,8,47
2018,6,23,home_construction,18,48
2018,6,23,housewares,165,49
2018,6,23,industry_commerce_and_business,7,50
2018,6,23,kitchen_dining_laundry_garden_furniture,8,51
2018,6,23,luggage_accessories,11,53
2018,6,23,market_place,3,54
2018,6,23,musical_instruments,10,56
2018,6,23,office_furniture,17,57
2018,6,23,party_supplies,1,58
2018,6,23,perfumery,51,59
2018,6,23,pet_shop,46,60
2018,6,23,signaling_and_security,6,62
2018,6,23,small_appliances,17,63
2018,6,23,sports_leisure,77,65
2018,6,23,stationery,54,66
2018,6,23,tablets_printing_image,1,67
2018,6,23,telephony,45,68
2018,6,23,toys,46,69
2018,6,23,watches_gifts,90,70
2018,6,24,agro_industry_and_commerce,2,0
2018,6,24,air_conditioning,4,1
2018,6,24,art,10,2
2018,6,24,audio,3,4
2018,6,24,auto,55,5
2018,6,24,baby,51,6
2018,6,24,bed_bath_table,182,7
2018,6,24,books_general_interest,9,8
2018,6,24,books_imported,4,9
2018,6,24,books_technical,6,10
2018,6,24,cine_photo,5,13
2018,6,24,computers,6,14
2018,6,24,computers_accessories,79,15
2018,6,24,consoles_games,13,16
2018,6,24,construction_tools_construction,27,17
2018,6,24,construction_tools_lights,6,18
2018,6,24,construction_tools_safety,5,19
2018,6,24,cool_stuff,20,20
2018,6,24,costruction_tools_garden,2,21
2018,6,24,diapers_and_hygiene,1,23
2018,6,24,drinks,13,24
2018,6,24,dvds_blu_ray,4,25
2018,6,24,electronics,48,26
2018,6,24,fashion_bags_accessories,21,28
2018,6,24,fashion_shoes,2,31
2018,6,24,fashion_underwear_beach,5,33
2018,6,24,fixed_telephony,4,34
2018,6,24,flowers,2,35
2018,6,24,food,9,36
2018,6,24,furniture_bedroom,1,38
2018,6,24,furniture_decor,99,39
2018,6,24,furniture_living_room,8,40
2018,6,24,garden_tools,41,42
2018,6,24,health_beauty,223,43
2018,6,24,home_appliances,14,44
2018,6,24,home_appliances_2,1,45
2018,6,24,home_confort,2,47
2018,6,24,home_construction,16,48
2018,6,24,housewares,128,49
2018,6,24,industry_commerce_and_business,4,50
2018,6,24,kitchen_dining_laundry_garden_furniture,4,51
2018,6,24,luggage_accessories,10,53
2018,6,24,market_place,2,54
2018,6,24,music,2,55
2018,6,24,musical_instruments,14,56
2018,6,24,office_furniture,12,57
2018,6,24,party_supplies,1,58
2018,6,24,perfumery,60,59
2018,6,24,pet_shop,46,60
2018,6,24,signaling_and_security,7,62
2018,6,24,small_appliances,11,63
2018,6,24,small_appliances_home_oven_and_coffee,3,64
2018,6,24,sports_leisure,109,65
2018,6,24,stationery,45,66
2018,6,24,telephony,61,68
2018,6,24,toys,50,69
2018,6,24,watches_gifts,135,70
2018,6,25,agro_industry_and_commerce,3,0
2018,6,25,air_conditioning,1,1
2018,6,25,art,6,2
2018,6,25,audio,8,4
2018,6,25,auto,73,5
2018,6,25,baby,54,6
2018,6,25,bed_bath_table,193,7
2018,6,25,books_general_interest,10,8
2018,6,25,books_imported,1,9
2018,6,25,books_technical,11,10
2018,6,25,christmas_supplies,2,12
2018,6,25,cine_photo,2,13
2018,6,25,computers,4,14
2018,6,25,computers_accessories,104,15
2018,6,25,consoles_games,9,16
2018,6,25,construction_tools_construction,31,17
2018,6,25,construction_tools_lights,13,18
2018,6,25,construction_tools_safety,3,19
2018,6,25,cool_stuff,24,20
2018,6,25,costruction_tools_garden,2,21
2018,6,25,diapers_and_hygiene,2,23
2018,6,25,drinks,9,24
2018,6,25,electronics,47,26
2018,6,25,fashion_bags_accessories,16,28
2018,6,25,fashion_male_clothing,2,30
2018,6,25,fashion_shoes,2,31
2018,6,25,fixed_telephony,4,34
2018,6,25,food,3,36
2018,6,25,food_drink,3,37
2018,6,25,furniture_bedroom,3,38
2018,6,25,furniture_decor,87,39
2018,6,25,furniture_living_room,7,40
2018,6,25,garden_tools,30,42
2018,6,25,health_beauty,224,43
2018,6,25,home_appliances,12,44
2018,6,25,home_appliances_2,6,45
2018,6,25,home_confort,3,47
2018,6,25,home_construction,16,48
2018,6,25,housewares,112,49
2018,6,25,industry_commerce_and_business,4,50
2018,6,25,kitchen_dining_laundry_garden_furniture,8,51
2018,6,25,luggage_accessories,10,53
2018,6,25,market_place,1,54
2018,6,25,music,1,55
2018,6,25,musical_instruments,5,56
2018,6,25,office_furniture,23,57
2018,6,25,perfumery,33,59
2018,6,25,pet_shop,36,60
2018,6,25,signaling_and_security,5,62
2018,6,25,small_appliances,10,63
2018,6,25,sports_leisure,107,65
2018,6,25,stationery,34,66
2018,6,25,telephony,58,68
2018,6,25,toys,35,69
2018,6,25,watches_gifts,117,70
2018,6,26,agro_industry_and_commerce,3,0
2018,6,26,air_conditioning,1,1
2018,6,26,art,7,2
2018,6,26,audio,6,4
2018,6,26,auto,64,5
2018,6,26,baby,41,6
2018,6,26,bed_bath_table,135,7
2018,6,26,books_general_interest,7,8
2018,6,26,books_imported,2,9
2018,6,26,books_technical,1,10
2018,6,26,christmas_supplies,2,12
2018,6,26,cine_photo,5,13
2018,6,26,computers,1,14
2018,6,26,computers_accessories,91,15
2018,6,26,consoles_games,12,16
2018,6,26,construction_tools_construction,26,17
2018,6,26,construction_tools_lights,8,18
2018,6,26,construction_tools_safety,3,19
2018,6,26,cool_stuff,29,20
2018,6,26,costruction_tools_garden,3,21
2018,6,26,diapers_and_hygiene,1,23
2018,6,26,drinks,2,24
2018,6,26,dvds_blu_ray,1,25
2018,6,26,electronics,41,26
2018,6,26,fashion_bags_accessories,18,28
2018,6,26,fashion_male_clothing,3,30
2018,6,26,fashion_underwear_beach,1,33
2018,6,26,fixed_telephony,5,34
2018,6,26,food,5,36
2018,6,26,food_drink,1,37
2018,6,26,furniture_bedroom,3,38
2018,6,26,furniture_decor,105,39
2018,6,26,furniture_living_room,9,40
2018,6,26,garden_tools,59,42
2018,6,26,health_beauty,178,43
2018,6,26,home_appliances,15,44
2018,6,26,home_appliances_2,5,45
2018,6,26,home_confort,3,47
2018,6,26,home_construction,11,48
2018,6,26,housewares,112,49
2018,6,26,industry_commerce_and_business,8,50
2018,6,26,kitchen_dining_laundry_garden_furniture,5,51
2018,6,26,luggage_accessories,3,53
2018,6,26,market_place,1,54
2018,6,26,musical_instruments,11,56
2018,6,26,office_furniture,17,57
2018,6,26,perfumery,25,59
2018,6,26,pet_shop,35,60
2018,6,26,signaling_and_security,3,62
2018,6,26,small_appliances,7,63
2018,6,26,sports_leisure,90,65
2018,6,26,stationery,21,66
2018,6,26,telephony,36,68
2018,6,26,toys,39,69
2018,6,26,watches_gifts,89,70
2018,7,26,air_conditioning,1,1
2018,7,26,art,1,2
2018,7,26,auto,5,5
2018,7,26,baby,4,6
2018,7,26,bed_bath_table,19,7
2018,7,26,computers,1,14
2018,7,26,computers_accessories,12,15
2018,7,26,consoles_games,6,16
2018,7,26,construction_tools_construction,5,17
2018,7,26,construction_tools_lights,2,18
2018,7,26,cool_stuff,5,20
2018,7,26,electronics,9,26
2018,7,26,fashion_bags_accessories,4,28
2018,7,26,furniture_decor,13,39
2018,7,26,furniture_living_room,1,40
2018,7,26,garden_tools,12,42
2018,7,26,health_beauty,10,43
2018,7,26,home_appliances,2,44
2018,7,26,home_construction,2,48
2018,7,26,housewares,23,49
2018,7,26,musical_instruments,3,56
2018,7,26,pet_shop,8,60
2018,7,26,small_appliances,1,63
2018,7,26,sports_leisure,9,65
2018,7,26,stationery,4,66
2018,7,26,telephony,1,68
2018,7,26,toys,5,69
2018,7,26,watches_gifts,16,70
2018,7,27,agro_industry_and_commerce,2,0
2018,7,27,air_conditioning,2,1
2018,7,27,art,5,2
2018,7,27,audio,1,4
2018,7,27,auto,59,5
2018,7,27,baby,40,6
2018,7,27,bed_bath_table,125,7
2018,7,27,books_general_interest,7,8
2018,7,27,books_imported,5,9
2018,7,27,books_technical,6,10
2018,7,27,christmas_supplies,1,12
2018,7,27,cine_photo,1,13
2018,7,27,computers,1,14
2018,7,27,computers_accessories,78,15
2018,7,27,consoles_games,11,16
2018,7,27,construction_tools_construction,20,17
2018,7,27,construction_tools_lights,6,18
2018,7,27,construction_tools_safety,2,19
2018,7,27,cool_stuff,20,20
2018,7,27,costruction_tools_garden,6,21
2018,7,27,costruction_tools_tools,2,22
2018,7,27,drinks,2,24
2018,7,27,electronics,22,26
2018,7,27,fashion_bags_accessories,10,28
2018,7,27,fashion_underwear_beach,1,33
2018,7,27,fixed_telephony,1,34
2018,7,27,food,12,36
2018,7,27,food_drink,2,37
2018,7,27,furniture_decor,89,39
2018,7,27,furniture_living_room,8,40
2018,7,27,furniture_mattress_and_upholstery,1,41
2018,7,27,garden_tools,36,42
2018,7,27,health_beauty,181,43
2018,7,27,home_appliances,14,44
2018,7,27,home_appliances_2,3,45
2018,7,27,home_confort,1,47
2018,7,27,home_construction,13,48
2018,7,27,housewares,109,49
2018,7,27,industry_commerce_and_business,3,50
2018,7,27,kitchen_dining_laundry_garden_furniture,8,51
2018,7,27,luggage_accessories,8,53
2018,7,27,music,1,55
2018,7,27,office_furniture,12,57
2018,7,27,perfumery,39,59
2018,7,27,pet_shop,27,60
2018,7,27,signaling_and_security,10,62
2018,7,27,small_appliances,10,63
2018,7,27,small_appliances_home_oven_and_coffee,3,64
2018,7,27,sports_leisure,113,65
2018,7,27,stationery,28,66
2018,7,27,telephony,35,68
2018,7,27,toys,34,69
2018,7,27,watches_gifts,85,70
2018,7,28,air_conditioning,2,1
2018,7,28,art,8,2
2018,7,28,audio,2,4
2018,7,28,auto,55,5
2018,7,28,baby,34,6
2018,7,28,bed_bath_table,79,7
2018,7,28,books_general_interest,2,8
2018,7,28,books_imported,1,9
2018,7,28,books_technical,4,10
2018,7,28,cine_photo,3,13
2018,7,28,computers,2,14
2018,7,28,computers_accessories,65,15
2018,7,28,consoles_games,7,16
2018,7,28,construction_tools_construction,15,17
2018,7,28,construction_tools_lights,6,18
2018,7,28,construction_tools_safety,1,19
2018,7,28,cool_stuff,26,20
2018,7,28,costruction_tools_garden,5,21
2018,7,28,costruction_tools_tools,2,22
2018,7,28,diapers_and_hygiene,1,23
2018,7,28,drinks,2,24
2018,7,28,dvds_blu_ray,1,25
2018,7,28,electronics,27,26
2018,7,28,fashion_bags_accessories,7,28
2018,7,28,fashion_shoes,1,31
2018,7,28,fixed_telephony,4,34
2018,7,28,food,12,36
2018,7,28,food_drink,2,37
2018,7,28,furniture_decor,43,39
2018,7,28,furniture_living_room,12,40
2018,7,28,garden_tools,22,42
2018,7,28,health_beauty,141,43
2018,7,28,home_appliances,10,44
2018,7,28,home_appliances_2,6,45
2018,7,28,home_comfort_2,2,46
2018,7,28,home_confort,3,47
2018,7,28,home_construction,11,48
2018,7,28,housewares,68,49
2018,7,28,industry_commerce_and_business,2,50
2018,7,28,kitchen_dining_laundry_garden_furniture,2,51
2018,7,28,luggage_accessories,10,53
2018,7,28,market_place,1,54
2018,7,28,music,1,55
2018,7,28,musical_instruments,12,56
2018,7,28,office_furniture,12,57
2018,7,28,party_supplies,1,58
2018,7,28,perfumery,31,59
2018,7,28,pet_shop,22,60
2018,7,28,signaling_and_security,12,62
2018,7,28,small_appliances,7,63
2018,7,28,sports_leisure,59,65
2018,7,28,stationery,27,66
2018,7,28,telephony,31,68
2018,7,28,toys,22,69
2018,7,28,watches_gifts,120,70
2018,7,29,agro_industry_and_commerce,13,0
2018,7,29,air_conditioning,3,1
2018,7,29,art,3,2
2018,7,29,arts_and_craftmanship,3,3
2018,7,29,audio,14,4
2018,7,29,auto,93,5
2018,7,29,baby,48,6
2018,7,29,bed_bath_table,182,7
2018,7,29,books_general_interest,5,8
2018,7,29,books_technical,6,10
2018,7,29,christmas_supplies,1,12
2018,7,29,cine_photo,1,13
2018,7,29,computers_accessories,103,15
2018,7,29,consoles_games,10,16
2018,7,29,construction_tools_construction,29,17
2018,7,29,construction_tools_lights,24,18
2018,7,29,construction_tools_safety,7,19
2018,7,29,cool_stuff,27,20
2018,7,29,costruction_tools_garden,3,21
2018,7,29,costruction_tools_tools,5,22
2018,7,29,diapers_and_hygiene,1,23
2018,7,29,drinks,7,24
2018,7,29,electronics,44,26
2018,7,29,fashion_bags_accessories,16,28
2018,7,29,fashion_male_clothing,1,30
2018,7,29,fashion_shoes,3,31
2018,7,29,fixed_telephony,3,34
2018,7,29,flowers,2,35
2018,7,29,food,15,36
2018,7,29,food_drink,6,37
2018,7,29,furniture_bedroom,1,38
2018,7,29,furniture_decor,116,39
2018,7,29,furniture_living_room,17,40
2018,7,29,garden_tools,40,42
2018,7,29,health_beauty,215,43
2018,7,29,home_appliances,20,44
2018,7,29,home_appliances_2,10,45
2018,7,29,home_confort,9,47
2018,7,29,home_construction,14,48
2018,7,29,housewares,129,49
2018,7,29,industry_commerce_and_business,8,50
2018,7,29,kitchen_dining_laundry_garden_furniture,4,51
2018,7,29,luggage_accessories,13,53
2018,7,29,music,1,55
2018,7,29,musical_instruments,9,56
2018,7,29,office_furniture,31,57
2018,7,29,party_supplies,1,58
2018,7,29,perfumery,51,59
2018,7,29,pet_shop,46,60
2018,7,29,signaling_and_security,2,62
2018,7,29,small_appliances,15,63
2018,7,29,small_appliances_home_oven_and_coffee,5,64
2018,7,29,sports_leisure,104,65
2018,7,29,stationery,47,66
2018,7,29,telephony,61,68
2018,7,29,toys,42,69
2018,7,29,watches_gifts,143,70
2018,7,30,agro_industry_and_commerce,10,0
2018,7,30,air_conditioning,7,1
2018,7,30,art,3,2
2018,7,30,arts_and_craftmanship,7,3
2018,7,30,audio,4,4
2018,7,30,auto,97,5
2018,7,30,baby,65,6
2018,7,30,bed_bath_table,150,7
2018,7,30,books_general_interest,8,8
2018,7,30,books_technical,7,10
2018,7,30,christmas_supplies,5,12
2018,7,30,cine_photo,2,13
2018,7,30,computers,2,14
2018,7,30,computers_accessories,113,15
2018,7,30,consoles_games,13,16
2018,7,30,construction_tools_construction,35,17
2018,7,30,construction_tools_lights,12,18
2018,7,30,construction_tools_safety,2,19
2018,7,30,cool_stuff,26,20
2018,7,30,costruction_tools_garden,8,21
2018,7,30,costruction_tools_tools,3,22
2018,7,30,drinks,3,24
2018,7,30,electronics,36,26
2018,7,30,fashion_bags_accessories,28,28
2018,7,30,fashion_male_clothing,4,30
2018,7,30,fashion_underwear_beach,1,33
2018,7,30,fixed_telephony,2,34
2018,7,30,food,19,36
2018,7,30,food_drink,5,37
2018,7,30,furniture_bedroom,9,38
2018,7,30,furniture_decor,130,39
2018,7,30,furniture_living_room,11,40
2018,7,30,garden_tools,58,42
2018,7,30,health_beauty,167,43
2018,7,30,home_appliances,19,44
2018,7,30,home_appliances_2,3,45
2018,7,30,home_comfort_2,1,46
2018,7,30,home_confort,7,47
2018,7,30,home_construction,18,48
2018,7,30,housewares,165,49
2018,7,30,kitchen_dining_laundry_garden_furniture,6,51
2018,7,30,luggage_accessories,15,53
2018,7,30,market_place,3,54
2018,7,30,musical_instruments,10,56
2018,7,30,office_furniture,14,57
2018,7,30,perfumery,61,59
2018,7,30,pet_shop,40,60
2018,7,30,signaling_and_security,4,62
2018,7,30,small_appliances,6,63
2018,7,30,small_appliances_home_oven_and_coffee,7,64
2018,7,30,sports_leisure,130,65
2018,7,30,stationery,57,66
2018,7,30,telephony,61,68
2018,7,30,toys,40,69
2018,7,30,watches_gifts,113,70
2018,7,31,agro_industry_and_commerce,2,0
2018,7,31,air_conditioning,2,1
2018,7,31,art,1,2
2018,7,31,arts_and_craftmanship,1,3
2018,7,31,audio,1,4
2018,7,31,auto,32,5
2018,7,31,baby,23,6
2018,7,31,bed_bath_table,62,7
2018,7,31,books_general_interest,3,8
2018,7,31,books_imported,1,9
2018,7,31,books_technical,3,10
2018,7,31,christmas_supplies,1,12
2018,7,31,computers,2,14
2018,7,31,computers_accessories,47,15
2018,7,31,consoles_games,2,16
2018,7,31,construction_tools_construction,11,17
2018,7,31,construction_tools_lights,5,18
2018,7,31,construction_tools_safety,3,19
2018,7,31,cool_stuff,11,20
2018,7,31,diapers_and_hygiene,1,23
2018,7,31,drinks,2,24
2018,7,31,electronics,13,26
2018,7,31,fashion_bags_accessories,9,28
2018,7,31,fashion_shoes,1,31
2018,7,31,fixed_telephony,1,34
2018,7,31,food,6,36
2018,7,31,food_drink,2,37
2018,7,31,furniture_decor,45,39
2018,7,31,furniture_living_room,5,40
2018,7,31,garden_tools,9,42
2018,7,31,health_beauty,56,43
2018,7,31,home_appliances,13,44
2018,7,31,home_appliances_2,1,45
2018,7,31,home_confort,3,47
2018,7,31,home_construction,2,48
2018,7,31,housewares,70,49
2018,7,31,industry_commerce_and_business,1,50
2018,7,31,kitchen_dining_laundry_garden_furniture,2,51
2018,7,31,luggage_accessories,8,53
2018,7,31,musical_instruments,2,56
2018,7,31,office_furniture,11,57
2018,7,31,perfumery,17,59
2018,7,31,pet_shop,15,60
2018,7,31,signaling_and_security,1,62
2018,7,31,small_appliances,3,63
2018,7,31,sports_leisure,45,65
2018,7,31,stationery,27,66
2018,7,31,telephony,32,68
2018,7,31,toys,11,69
2018,7,31,watches_gifts,44,70
2018,8,31,agro_industry_and_commerce,7,0
2018,8,31,air_conditioning,9,1
2018,8,31,art,8,2
2018,8,31,arts_and_craftmanship,2,3
2018,8,31,audio,3,4
2018,8,31,auto,67,5
2018,8,31,baby,67,6
2018,8,31,bed_bath_table,135,7
2018,8,31,books_general_interest,8,8
2018,8,31,books_technical,5,10
2018,8,31,christmas_supplies,2,12
2018,8,31,cine_photo,1,13
2018,8,31,computers_accessories,100,15
2018,8,31,consoles_games,6,16
2018,8,31,construction_tools_construction,27,17
2018,8,31,construction_tools_lights,11,18
2018,8,31,construction_tools_safety,5,19
2018,8,31,cool_stuff,29,20
2018,8,31,costruction_tools_garden,8,21
2018,8,31,costruction_tools_tools,4,22
2018,8,31,drinks,7,24
2018,8,31,electronics,25,26
2018,8,31,fashion_bags_accessories,35,28
2018,8,31,fashion_male_clothing,1,30
2018,8,31,fixed_telephony,3,34
2018,8,31,food,13,36
2018,8,31,food_drink,4,37
2018,8,31,furniture_bedroom,2,38
2018,8,31,furniture_decor,101,39
2018,8,31,furniture_living_room,12,40
2018,8,31,garden_tools,23,42
2018,8,31,health_beauty,181,43
2018,8,31,home_appliances,10,44
2018,8,31,home_appliances_2,4,45
2018,8,31,home_confort,5,47
2018,8,31,home_construction,12,48
2018,8,31,housewares,124,49
2018,8,31,kitchen_dining_laundry_garden_furniture,7,51
2018,8,31,luggage_accessories,12,53
2018,8,31,market_place,1,54
2018,8,31,music,1,55
2018,8,31,musical_instruments,10,56
2018,8,31,office_furniture,8,57
2018,8,31,party_supplies,4,58
2018,8,31,perfumery,53,59
2018,8,31,pet_shop,47,60
2018,8,31,signaling_and_security,4,62
2018,8,31,small_appliances,5,63
2018,8,31,small_appliances_home_oven_and_coffee,4,64
2018,8,31,sports_leisure,101,65
2018,8,31,stationery,42,66
2018,8,31,telephony,66,68
2018,8,31,toys,31,69
2018,8,31,watches_gifts,113,70
2018,8,32,agro_industry_and_commerce,4,0
2018,8,32,air_conditioning,3,1
2018,8,32,art,6,2
2018,8,32,audio,6,4
2018,8,32,auto,135,5
2018,8,32,baby,61,6
2018,8,32,bed_bath_table,193,7
2018,8,32,books_general_interest,13,8
2018,8,32,books_imported,1,9
2018,8,32,books_technical,11,10
2018,8,32,christmas_supplies,3,12
2018,8,32,cine_photo,1,13
2018,8,32,computers,6,14
2018,8,32,computers_accessories,128,15
2018,8,32,consoles_games,19,16
2018,8,32,construction_tools_construction,39,17
2018,8,32,construction_tools_lights,27,18
2018,8,32,construction_tools_safety,6,19
2018,8,32,cool_stuff,39,20
2018,8,32,costruction_tools_garden,8,21
2018,8,32,costruction_tools_tools,1,22
2018,8,32,diapers_and_hygiene,1,23
2018,8,32,drinks,8,24
2018,8,32,electronics,51,26
2018,8,32,fashio_female_clothing,1,27
2018,8,32,fashion_bags_accessories,31,28
2018,8,32,fashion_male_clothing,1,30
2018,8,32,fashion_shoes,1,31
2018,8,32,fashion_underwear_beach,1,33
2018,8,32,fixed_telephony,6,34
2018,8,32,food,27,36
2018,8,32,food_drink,8,37
2018,8,32,furniture_bedroom,3,38
2018,8,32,furniture_decor,143,39
2018,8,32,furniture_living_room,13,40
2018,8,32,garden_tools,52,42
2018,8,32,health_beauty,253,43
2018,8,32,home_appliances,19,44
2018,8,32,home_appliances_2,3,45
2018,8,32,home_confort,5,47
2018,8,32,home_construction,23,48
2018,8,32,housewares,171,49
2018,8,32,industry_commerce_and_business,4,50
2018,8,32,kitchen_dining_laundry_garden_furniture,1,51
2018,8,32,luggage_accessories,24,53
2018,8,32,market_place,2,54
2018,8,32,music,3,55
2018,8,32,musical_instruments,18,56
2018,8,32,office_furniture,15,57
2018,8,32,party_supplies,3,58
2018,8,32,perfumery,55,59
2018,8,32,pet_shop,64,60
2018,8,32,signaling_and_security,10,62
2018,8,32,small_appliances,9,63
2018,8,32,small_appliances_home_oven_and_coffee,2,64
2018,8,32,sports_leisure,126,65
2018,8,32,stationery,52,66
2018,8,32,telephony,105,68
2018,8,32,toys,52,69
2018,8,32,watches_gifts,121,70
2018,8,33,agro_industry_and_commerce,1,0
2018,8,33,air_conditioning,4,1
2018,8,33,art,2,2
2018,8,33,arts_and_craftmanship,3,3
2018,8,33,audio,6,4
2018,8,33,auto,103,5
2018,8,33,baby,48,6
2018,8,33,bed_bath_table,211,7
2018,8,33,books_general_interest,7,8
2018,8,33,books_technical,8,10
2018,8,33,christmas_supplies,5,12
2018,8,33,cine_photo,3,13
2018,8,33,computers,1,14
2018,8,33,computers_accessories,123,15
2018,8,33,consoles_games,20,16
2018,8,33,construction_tools_construction,58,17
2018,8,33,construction_tools_lights,12,18
2018,8,33,construction_tools_safety,8,19
2018,8,33,cool_stuff,29,20
2018,8,33,costruction_tools_garden,4,21
2018,8,33,costruction_tools_tools,6,22
2018,8,33,diapers_and_hygiene,1,23
2018,8,33,drinks,9,24
2018,8,33,electronics,27,26
2018,8,33,fashion_bags_accessories,36,28
2018,8,33,fashion_male_clothing,1,30
2018,8,33,fashion_shoes,1,31
2018,8,33,fashion_sport,1,32
2018,8,33,fixed_telephony,1,34
2018,8,33,food,38,36
2018,8,33,food_drink,3,37
2018,8,33,furniture_bedroom,5,38
2018,8,33,furniture_decor,124,39
2018,8,33,furniture_living_room,9,40
2018,8,33,garden_tools,41,42
2018,8,33,health_beauty,235,43
2018,8,33,home_appliances,25,44
2018,8,33,home_appliances_2,6,45
2018,8,33,home_confort,5,47
2018,8,33,home_construction,10,48
2018,8,33,housewares,192,49
2018,8,33,industry_commerce_and_business,2,50
2018,8,33,kitchen_dining_laundry_garden_furniture,7,51
2018,8,33,luggage_accessories,18,53
2018,8,33,market_place,3,54
2018,8,33,music,2,55
2018,8,33,musical_instruments,8,56
2018,8,33,office_furniture,5,57
2018,8,33,party_supplies,4,58
2018,8,33,perfumery,51,59
2018,8,33,pet_shop,58,60
2018,8,33,signaling_and_security,5,62
2018,8,33,small_appliances,6,63
2018,8,33,small_appliances_home_oven_and_coffee,7,64
2018,8,33,sports_leisure,149,65
2018,8,33,stationery,45,66
2018,8,33,telephony,62,68
2018,8,33,toys,45,69
2018,8,33,watches_gifts,112,70
2018,8,34,agro_industry_and_commerce,6,0
2018,8,34,air_conditioning,5,1
2018,8,34,art,1,2
2018,8,34,arts_and_craftmanship,4,3
2018,8,34,audio,10,4
2018,8,34,auto,59,5
2018,8,34,baby,33,6
2018,8,34,bed_bath_table,104,7
2018,8,34,books_general_interest,7,8
2018,8,34,books_technical,5,10
2018,8,34,cine_photo,4,13
2018,8,34,computers,5,14
2018,8,34,computers_accessories,58,15
2018,8,34,consoles_games,12,16
2018,8,34,construction_tools_construction,37,17
2018,8,34,construction_tools_lights,11,18
2018,8,34,construction_tools_safety,6,19
2018,8,34,cool_stuff,19,20
2018,8,34,costruction_tools_garden,1,21
2018,8,34,costruction_tools_tools,3,22
2018,8,34,diapers_and_hygiene,1,23
2018,8,34,drinks,2,24
2018,8,34,dvds_blu_ray,1,25
2018,8,34,electronics,16,26
2018,8,34,fashio_female_clothing,2,27
2018,8,34,fashion_bags_accessories,22,28
2018,8,34,fashion_shoes,1,31
2018,8,34,food,30,36
2018,8,34,food_drink,6,37
2018,8,34,furniture_bedroom,2,38
2018,8,34,furniture_decor,60,39
2018,8,34,furniture_living_room,6,40
2018,8,34,garden_tools,18,42
2018,8,34,health_beauty,146,43
2018,8,34,home_appliances,9,44
2018,8,34,home_appliances_2,1,45
2018,8,34,home_confort,1,47
2018,8,34,home_construction,3,48
2018,8,34,housewares,108,49
2018,8,34,industry_commerce_and_business,4,50
2018,8,34,kitchen_dining_laundry_garden_furniture,3,51
2018,8,34,luggage_accessories,9,53
2018,8,34,market_place,2,54
2018,8,34,musical_instruments,5,56
2018,8,34,office_furniture,1,57
2018,8,34,party_supplies,2,58
2018,8,34,perfumery,58,59
2018,8,34,pet_shop,29,60
2018,8,34,signaling_and_security,3,62
2018,8,34,small_appliances,3,63
2018,8,34,small_appliances_home_oven_and_coffee,4,64
2018,8,34,sports_leisure,79,65
2018,8,34,stationery,29,66
2018,8,34,telephony,35,68
2018,8,34,toys,32,69
2018,8,34,watches_gifts,60,70
2018,8,35,art,1,2
2018,8,35,audio,1,4
2018,8,35,auto,6,5
2018,8,35,baby,3,6
2018,8,35,bed_bath_table,12,7
2018,8,35,books_general_interest,1,8
2018,8,35,computers_accessories,6,15
2018,8,35,consoles_games,2,16
2018,8,35,construction_tools_construction,1,17
2018,8,35,construction_tools_lights,1,18
2018,8,35,cool_stuff,3,20
2018,8,35,costruction_tools_garden,2,21
2018,8,35,drinks,1,24
2018,8,35,fashion_bags_accessories,2,28
2018,8,35,food,7,36
2018,8,35,furniture_decor,2,39
2018,8,35,garden_tools,2,42
2018,8,35,health_beauty,20,43
2018,8,35,housewares,21,49
2018,8,35,kitchen_dining_laundry_garden_furniture,2,51
2018,8,35,luggage_accessories,1,53
2018,8,35,office_furniture,1,57
2018,8,35,party_supplies,1,58
2018,8,35,perfumery,1,59
2018,8,35,sports_leisure,16,65
2018,8,35,stationery,1,66
2018,8,35,telephony,3,68
2018,8,35,toys,5,69
2018,8,35,watches_gifts,5,70
